vertex_id,vertex_name,type
0,Aftersun,movie
1,Joker,movie
2,Puss in Boots: The Last Wish,movie
3,The Banshees of Inisherin,movie
4,Everything Everywhere All at Once,movie
5,Parasite,movie
6,Nope,movie
7,Thor: Love and Thunder,movie
8,The Menu,movie
9,Dune,movie
10,Midsommar,movie
11,Morbius,movie
12,The Batman,movie
13,The Lighthouse,movie
14,Little Women,movie
15,Avatar: The Way of Water,movie
16,Don't Worry Darling,movie
17,Spider-Man: No Way Home,movie
18,The Power of the Dog,movie
19,Elvis,movie
20,Ant-Man and the Wasp: Quantumania,movie
21,X,movie
22,Turning Red,movie
23,Luca,movie
24,The Florida Project,movie
25,Spencer,movie
26,Doctor Strange in the Multiverse of Madness,movie
27,The Northman,movie
28,American Psycho,movie
29,Donâ??t Worry Darling,movie
30,The Worst Person in the World,movie
31,Men,movie
32,Jojo Rabbit,movie
33,Bodies Bodies Bodies,movie
34,TÃR,movie
35,Shang-Chi and the Legend of the Ten Rings,movie
36,Barbarian,movie
37,Get Out,movie
38,Whiplash,movie
39,Fresh,movie
40,Encanto,movie
41,Fight Club,movie
42,Glass Onion: A Knives Out Mystery,movie
43,Knives Out,movie
44,Jurassic World Dominion,movie
45,Donâ??t Look Up,movie
46,Bones and All,movie
47,Sound of Metal,movie
48,Squid Game,movie
49,Pride & Prejudice,movie
50,Not Okay,movie
51,My Policeman,movie
52,Babylon,movie
53,My Neighbor Totoro,movie
54,Top Gun: Maverick,movie
55,Donnie Darko,movie
56,Dead Poets Society,movie
57,Scream VI,movie
58,Pearl,movie
59,Raw,movie
60,The Social Network,movie
61,Scream,movie
62,The Truman Show,movie
63,Portrait of a Lady on Fire,movie
64,Last Night in Soho,movie
65,Blonde,movie
66,Se 6  en,movie
67,The Green Knight,movie
68,La La Land,movie
69,Top Gun,movie
70,Nobody,movie
71,Uncut Gems,movie
72,Call Me by Your Name,movie
73,Star Wars: The Rise of Skywalker,movie
74,Wonder Woman 1984,movie
75,"tick, tick...BOOM!",movie
76,Cinderella,movie
77,Bullet Train,movie
78,Little Miss Sunshine,movie
79,Gone Girl,movie
80,Black Swan,movie
81,Emma.,movie
82,Minions: The Rise of Gru,movie
83,Juno,movie
84,The Suicide Squad,movie
85,"I, Tonya",movie
86,Brokeback Mountain,movie
87,10 Things I Hate About You,movie
88,West Side Story,movie
89,The Handmaiden,movie
90,Tenet,movie
91,Eternal Sunshine of the Spotless Mind,movie
92,The Black Phone,movie
93,Hereditary,movie
94,The Grand Budapest Hotel,movie
95,I'm Thinking of Ending Things,movie
96,Lightyear,movie
97,Licorice Pizza,movie
98,Do Revenge,movie
99,Jenniferâ??s Body,movie
100,Chungking Express,movie
101,Before Sunrise,movie
102,Guillermo del Toroâ??s Pinocchio,movie
103,The Texas Chain Saw Massacre,movie
104,Howl's Moving Castle,movie
105,M3GAN,movie
106,Triangle of Sadness,movie
107,But I'm a Cheerleader,movie
108,Cocaine Bear,movie
109,The Queenâ??s Gambit,movie
110,No Time to Die,movie
111,See How They Run,movie
112,Shiva Baby,movie
113,,movie
114,The Fabelmans,movie
115,Don't Look Up,movie
116,Zodiac,movie
117,I Care a Lot,movie
118,Black Adam,movie
119,Eternals,movie
120,What We Do in the Shadows,movie
121,Titane,movie
122,Persuasion,movie
123,Dear Evan Hansen,movie
124,The Witch,movie
125,Harry Potter and the Prisoner of Azkaban,movie
126,The Tragedy of Macbeth,movie
127,Inglourious Basterds,movie
128,Before Sunset,movie
129,Moonlight,movie
130,The Favourite,movie
131,The House,movie
132,Guillermo del Toro's Pinocchio,movie
133,Rear Window,movie
134,"Girl, Interrupted",movie
135,Halloween Ends,movie
136,Moon Knight,movie
137,Arrival,movie
138,Black Widow,movie
139,Harry Potter 20th Anniversary: Return to Hogwarts,movie
140,Suspiria,movie
141,Scream 2,movie
142,Space Jam: A New Legacy,movie
143,The Mitchells vs. The Machines,movie
144,Prisoners,movie
145,Malcolm & Marie,movie
146,Interstellar,movie
147,Good Will Hunting,movie
148,In the Mood for Love,movie
149,Lady Bird,movie
150,Skinamarink,movie
151,Punch-Drunk Love,movie
152,Scott Pilgrim vs. the World,movie
153,Malignant,movie
154,Fantastic Mr. Fox,movie
155,Zack Snyderâ??s Justice League,movie
156,Nightmare Alley,movie
157,Normal People,movie
158,Ready or Not,movie
159,RRR,movie
160,Her,movie
161,The Perks of Being a Wallflower,movie
162,Spree,movie
163,Promising Young Woman,movie
164,Spider-Man: Into the Spider-Verse,movie
165,Heâ??s All That,movie
166,Smile,movie
167,Marcel the Shell with Shoes On,movie
168,The Rocky Horror Picture Show,movie
169,Black Panther,movie
170,Mulholland Drive,movie
171,American Beauty,movie
172,Spider-Man,movie
173,The Simpsons Movie,movie
174,The Devil Wears Prada,movie
175,Psycho,movie
176,Avatar,movie
177,Mamma Mia!,movie
178,Fallen Angels,movie
179,Minari,movie
180,Marie Antoinette,movie
181,Booksmart,movie
182,Twilight,movie
183,Romeo  Juliet,movie
184,Drive My Car,movie
185,The Lost Daughter,movie
186,The Father,movie
187,Shutter Island,movie
188,Lost in Translation,movie
189,Atonement,movie
190,A Quiet Place Part II,movie
191,The Fallout,movie
192,Old,movie
193,Bottoms,movie
194,Clueless,movie
195,The Godfather,movie
196,Free Guy,movie
197,Where the Crawdads Sing,movie
198,"Crazy, Stupid, Love.",movie
199,The Wolf of Wall Street,movie
200,Halloween,movie
201,Memories of Murder,movie
202,The French Dispatch,movie
203,Carol,movie
204,In the Heights,movie
205,Pulp Fiction,movie
206,Fantastic Beasts: The Secrets of Dumbledore,movie
207,Halloween Kills,movie
208,Taxi Driver,movie
209,The Royal Tenenbaums,movie
210,"tick, tickâ?¦BOOM!",movie
211,The Edge of Seventeen,movie
212,Citizen Kane,movie
213,When Harry Met Sallyâ?¦,movie
214,Ex Machina,movie
215,CODA,movie
216,Nightcrawler,movie
217,Alien,movie
218,12 Angry Men,movie
219,Knock at the Cabin,movie
220,The Killing of a Sacred Deer,movie
221,Before Midnight,movie
222,"Lyle, Lyle, Crocodile",movie
223,Loki,movie
224,Purple Hearts,movie
225,GoodFellas,movie
226,Us,movie
227,WandaVision,movie
228,Bo Burnham: Inside,movie
229,A Quiet Place,movie
230,Burning,movie
231,Pinocchio,movie
232,You People,movie
233,Requiem for a Dream,movie
234,Reservoir Dogs,movie
235,The Kissing Booth 3,movie
236,House of Gucci,movie
237,191 6,movie
238,The Shape of Water,movie
239,Notting Hill,movie
240,Days of Summer,movie
241,Palm Springs,movie
242,Megamind,movie
243,Tangled,movie
244,The Virgin Suicides,movie
245,The Nice Guys,movie
246,Frances Ha,movie
247,Love Actually,movie
248,Fantastic Four,movie
249,WALLÂ·E,movie
250,Annihilation,movie
251,Soul,movie
252,The Matrix Resurrections,movie
253,Memento,movie
254,Phantom Thread,movie
255,Venom: Let There Be Carnage,movie
256,Mean Girls,movie
257,About Time,movie
258,365 Days,movie
259,Eraserhead,movie
260,Legally Blonde,movie
261,A Star Is Born,movie
262,Weâ??re All Going to the Worldâ??s Fair,movie
263,Hot Fuzz,movie
264,The Invisible Man,movie
265,Kill Bill: Vol. 1,movie
266,Blade Runner,movie
267,No Country for Old Men,movie
268,The Hunger Games,movie
269,Titanic,movie
270,The Whale,movie
271,Inception,movie
272,Zoolander,movie
273,Mysterious Skin,movie
274,Rocketman,movie
275,Prey,movie
276,The Dark Knight,movie
277,The Love Witch,movie
278,Cats,movie
279,Star Wars,movie
280,Fall,movie
281,Drive,movie
282,The Lobster,movie
283,Nocturnal Animals,movie
284,Boogie Nights,movie
285,The Twilight Saga: New Moon,movie
286,Another Round,movie
287,Women Talking,movie
288,The House That Jack Built,movie
289,The Great Gatsby,movie
290,Aquaman,movie
291,Fear Street: 1994,movie
292,The Thing,movie
293,Scream 3,movie
294,Possession,movie
295,Carrie,movie
296,The Lord of the Rings: The Fellowship of the Ring,movie
297,Eighth Grade,movie
298,Run,movie
299,Howlâ??s Moving Castle,movie
300,White Noise,movie
301,Shrek 2,movie
302,Clue,movie
303,The Gentlemen,movie
304,Black Panther: Wakanda Forever,movie
305,The Shining,movie
306,Good Time,movie
307,The Irishman,movie
308,The Shawshank Redemption,movie
309,Paddington,movie
310,Enola Holmes,movie
311,Once Upon a Timeâ?¦ in Hollywood,movie
312,Eyes Wide Shut,movie
313,All Too Well: The Short Film,movie
314,Over the Garden Wall,movie
315,Fear Street: 1666,movie
316,After Yang,movie
317,Enter the Void,movie
318,Werewolf by Night,movie
319,AmÃ©lie,movie
320,Baby Driver,movie
321,Dunkirk,movie
322,Under the Skin,movie
323,Return of the Jedi,movie
324,Red Notice,movie
325,The Fly,movie
326,Coco,movie
327,The Blair Witch Project,movie
328,Heathers,movie
329,Oceanâ??s Eleven,movie
330,Marriage Story,movie
331,Disenchanted,movie
332,Enemy,movie
333,Tag,movie
334,The Holiday,movie
335,The Adam Project,movie
336,Cruella,movie
337,The Darjeeling Limited,movie
338,A Ghost Story,movie
339,Texas Chainsaw Massacre,movie
340,The Lord of the Rings: The Return of the King,movie
341,Room,movie
342,The Devil All the Time,movie
343,Kikiâ??s Delivery Service,movie
344,Whisper of the Heart,movie
345,The Unbearable Weight of Massive Talent,movie
346,Annette,movie
347,Jurassic Park,movie
348,Oceanâ??s Eight,movie
349,Judas and the Black Messiah,movie
350,Sorry to Bother You,movie
351,mother!,movie
352,Spirited Away,movie
353,Nomadland,movie
354,Dogtooth,movie
355,Blue Valentine,movie
356,A Clockwork Orange,movie
357,Shaun the Sheep Movie,movie
358,2001: A Space Odyssey,movie
359,The Prestige,movie
360,Captain Marvel,movie
361,The Breakfast Club,movie
362,Uncharted,movie
363,The Farewell,movie
364,The Platform,movie
365,Stand by Me,movie
366,Lamb,movie
367,It,movie
368,Iâ??m Thinking of Ending Things,movie
369,Saw,movie
370,Disobedience,movie
371,Velvet Buzzsaw,movie
372,Ferris Buellerâ??s Day Off,movie
373,"Synecdoche, New York",movie
374,When Marnie Was There,movie
375,The Conjuring: The Devil Made Me Do It,movie
376,Mank,movie
377,Crash,movie
378,The Godfather: Part II,movie
379,Your Name.,movie
380,Come and See,movie
381,The Silence of the Lambs,movie
382,Perfect Blue,movie
383,Death on the Nile,movie
384,Mommy,movie
385,Infinity Pool,movie
386,Red Rocket,movie
387,The Matrix,movie
388,We Need to Talk About Kevin,movie
389,Ma Raineyâ??s Black Bottom,movie
390,Ambulance,movie
391,Dog Day Afternoon,movie
392,Isle of Dogs,movie
393,Edge of Tomorrow,movie
394,13 Going on 30,movie
395,Submarine,movie
396,Okja,movie
397,Euphoria: F*ck Anyone Whoâ??s Not a Sea Blob,movie
398,The Empire Strikes Back,movie
399,The Twilight Saga: Eclipse,movie
400,Swiss Army Man,movie
401,A Serbian Film,movie
402,Jaws,movie
403,Star Wars: Episode III -Â Revenge of the Sith,movie
404,The Half of It,movie
405,Back to the Future,movie
406,"SalÃ², or the 120 Days of Sodom",movie
407,Spider-Man 2,movie
408,Catch Me If You Can,movie
409,Army of the Dead,movie
410,Corpse Bride,movie
411,Scooby-Doo,movie
412,Persona,movie
413,Ghost World,movie
414,The Prom,movie
415,Creed III,movie
416,Aliens,movie
417,Casablanca,movie
418,Star Wars: Episode II -Â Attack of the Clones,movie
419,The Last Duel,movie
420,Jackass Forever,movie
421,Ratatouille,movie
422,The Lion King,movie
423,High Life,movie
424,Climax,movie
425,Thor: Ragnarok,movie
426,There Will Be Blood,movie
427,Edward Scissorhands,movie
428,Interview with the Vampire,movie
429,Hustlers,movie
430,Being John Malkovich,movie
431,The Danish Girl,movie
432,The Guilty,movie
433,Birds of Prey,movie
434,Coraline,movie
435,Evil Dead II,movie
436,Mulan,movie
437,The Departed,movie
438,Obi-Wan Kenobi,movie
439,Fargo,movie
440,Trainspotting,movie
441,The Falcon and the Winter Soldier,movie
442,Neon Genesis Evangelion,movie
443,Home Alone,movie
444,The Gray Man,movie
445,Mad Max: Fury Road,movie
446,The SpongeBob SquarePants Movie,movie
447,The Wonder,movie
448,Paddington 2,movie
449,The Lord of the Rings: The Two Towers,movie
450,Superbad,movie
451,Harry Potter and the Chamber of Secrets,movie
452,But Iâ??m a Cheerleader,movie
453,The Hunger Games: Catching Fire,movie
454,Midnight in Paris,movie
455,Hustle,movie
456,Frozen,movie
457,The 355,movie
458,The Amazing Spider-Man,movie
459,Câ??mon Câ??mon,movie
460,Bee Movie,movie
461,Django Unchained,movie
462,Manchester by the Sea,movie
463,Dahmer â?? Monster: The Jeffrey Dahmer Story,movie
464,Happy Together,movie
465,It Follows,movie
466,The Lego Batman Movie,movie
467,Die Hard,movie
468,Buffalo â??66,movie
469,Ghostbusters: Afterlife,movie
470,Nosferatu,movie
471,Midnight Mass,movie
472,"Love, Simon",movie
473,Orphan: First Kill,movie
474,Groundhog Day,movie
475,Moulin Rouge!,movie
476,My Own Private Idaho,movie
477,Heat,movie
478,How to Lose a Guy in 10 Days,movie
479,The King,movie
480,28 Days Later,movie
481,The Beatles: Get Back,movie
482,Train to Busan,movie
483,Shrek,movie
484,Zola,movie
485,One Night in Miamiâ?¦,movie
486,The Hunt,movie
487,The New Mutants,movie
488,Oldboy,movie
489,Y Tu MamÃ¡ TambiÃ©n,movie
490,The Big Short,movie
491,Dr. Strangelove or: How I Learned to Stop Worrying and Love the Bomb,movie
492,Columbus,movie
493,Raya and the Last Dragon,movie
494,Crush,movie
495,Kimi,movie
496,Closer,movie
497,John Wick,movie
498,Breakfast at Tiffanyâ??s,movie
499,Twin Peaks,movie
500,Moonrise Kingdom,movie
501,Jujutsu Kaisen 0,movie
502,The Big Lebowski,movie
503,"Tiger King: Murder, Mayhem and Madness",movie
504,The Lost City,movie
505,Fear Street: 19 6  8,movie
506,Bohemian Rhapsody,movie
507,The Master,movie
508,Battle Royale,movie
509,Blade Runner 2049,movie
510,Rosemaryâ??s Baby,movie
511,Entergalactic,movie
512,Green Book,movie
513,Borat: Cultural Learnings of America for Make Benefit Glorious Nation of Kazakhstan,movie
514,Hamilton,movie
515,The Pianist,movie
516,Euphoria: Trouble Donâ??t Last Always,movie
517,The Graduate,movie
518,Chicken Little,movie
519,Decision to Leave,movie
520,Big Little Lies,movie
521,Yesterday,movie
522,Inside Llewyn Davis,movie
523,Avengers: Endgame,movie
524,"Monsters, Inc.",movie
525,Star Wars: The Last Jedi,movie
526,Passengers,movie
527,Itâ??s a Wonderful Life,movie
528,Beetlejuice,movie
529,Almost Famous,movie
530,Kong: Skull Island,movie
531,Easy A,movie
532,Three Thousand Years of Longing,movie
533,Birdman or,movie
534,Princess Mononoke,movie
535,The Princess Bride,movie
536,Sing 2,movie
537,Are you lost in the world like me?,movie
538,Belfast,movie
539,Weird: The Al Yankovic Story,movie
540,Singinâ?? in the Rain,movie
541,Porco Rosso,movie
542,Venom,movie
543,Chip â??n Dale: Rescue Rangers,movie
544,Hocus Pocus,movie
545,First Reformed,movie
546,Funny Games,movie
547,Magnolia,movie
548,Mortal Kombat,movie
549,Happiest Season,movie
550,Ponyo,movie
551,The Kissing Booth 2,movie
552,Snow White and the Seven Dwarfs,movie
553,Split,movie
554,Thoroughbreds,movie
555,Moxie,movie
556,Saw II,movie
557,Suicide Squad,movie
558,School of Rock,movie
559,It Chapter Two,movie
560,Ghostbusters,movie
561,From Up on Poppy Hill,movie
562,All Quiet on the Western Front,movie
563,8Â½,movie
564,Paterson,movie
565,The Talented Mr. Ripley,movie
566,Vertigo,movie
567,Cha Cha Real Smooth,movie
568,"Three Billboards Outside Ebbing, Missouri",movie
569,Fear and Loathing in Las Vegas,movie
570,Possessor,movie
571,In Bruges,movie
572,The Muppet Christmas Carol,movie
573,Jungle Cruise,movie
574,Bird Box,movie
575,She-Hulk: Attorney at Law,movie
576,Batman: Mask of the Phantasm,movie
577,LÃ©on: The Professional,movie
578,Forrest Gump,movie
579,Blue Velvet,movie
580,A Goofy Movie,movie
581,House,movie
582,Rope,movie
583,Godâ??s Own Country,movie
584,Avengers: Infinity War,movie
585,Mission: Impossible - Fallout,movie
586,El Camino: A Breaking Bad Movie,movie
587,Freaky,movie
588,The Trial of the Chicago  6,movie
589,Ruby Sparks,movie
590,The Woman in the Window,movie
591,The Bobâ??s Burgers Movie,movie
592,Crimes of the Future,movie
593,Scream 4,movie
594,Freaky Friday,movie
595,Creed,movie
596,Spider-Man 3,movie
597,Black Mirror: Nosedive,movie
598,Melancholia,movie
599,Harry Potter and the Philosopherâ??s Stone,movie
600,The Emoji Movie,movie
601,Unpregnant,movie
602,Breathless,movie
603,Pitch Perfect,movie
604,The Bad Guys,movie
605,Rushmore,movie
606,8:46,movie
607,Thirteen,movie
608,The Strange Thing About the Johnsons,movie
609,Free Solo,movie
610,Minions,movie
611,Memoria,movie
612,Elf,movie
613,Home Alone 2: Lost in New York,movie
614,The Twilight Saga: Breaking Dawn - Part 2,movie
615,The Bling Ring,movie
616,Inherent Vice,movie
617,Cloudy with a Chance of Meatballs,movie
618,Dirty Dancing,movie
619,Boiling Point,movie
620,Some Like It Hot,movie
621,Kill Bill: Vol. 2,movie
622,Wendell & Wild,movie
623,Artemis Fowl,movie
624,The Game,movie
625,The Guardians of the Galaxy Holiday Special,movie
626,Spider-Man: Far from Home,movie
627,Bridget Jonesâ??s Diary,movie
628,Ingrid Goes West,movie
629,Harry Potter and the Order of the Phoenix,movie
630,Shazam!,movie
631,Beau Travail,movie
632,Full Metal Jacket,movie
633,Beautiful Boy,movie
634,G.I. Jane,movie
635,Candyman,movie
636,Enola Holmes 2,movie
637,After Hours,movie
638,Ratatouille: The TikTok Musical,movie
639,Hawkeye,movie
640,Shaun of the Dead,movie
641,Crazy Rich Asians,movie
642,Madagascar: Escape 2 Africa,movie
643,Enchanted,movie
644,Homecoming: A Film by BeyoncÃ©,movie
645,Inland Empire,movie
646,The Disaster Artist,movie
647,Barry Lyndon,movie
648,High School Musical 2,movie
649,Framing Britney Spears,movie
650,Lux Ã?terna,movie
651,Toy Story,movie
652,Amsterdam,movie
653,Violent Night,movie
654,Audition,movie
655,Paprika,movie
656,Justice League,movie
657,Coherence,movie
658,Fifty Shades of Grey,movie
659,Cruel Intentions,movie
660,jeen-yuhs: A Kanye Trilogy,movie
661,Harry Potter and the Goblet of Fire,movie
662,Kingsman: The Secret Service,movie
663,Sheâ??s the Man,movie
664,A Trip to the Moon,movie
665,The Lego Movie,movie
666,Moonfall,movie
667,Marry Me,movie
668,Cherry,movie
669,Roald Dahlâ??s Matilda the Musical,movie
670,F9,movie
671,Mainstream,movie
672,Finding Nemo,movie
673,20th Century Women,movie
674,After,movie
675,The Proposal,movie
676,Harry Potter and the Half-Blood Prince,movie
677,Twin Peaks: Fire Walk with Me,movie
678,Beauty and the Beast,movie
679,The Life Aquatic with Steve Zissou,movie
680,White Chicks,movie
681,Emily the Criminal,movie
682,"Love, Rosie",movie
683,Point Break,movie
684,The Ring,movie
685,The Cat in the Hat,movie
686,V for Vendetta,movie
687,Cinema Paradiso,movie
688,Videodrome,movie
689,Sicario,movie
690,La JetÃ©e,movie
691,Twin Peaks: The Return,movie
692,Senior Year,movie
693,The Social Dilemma,movie
694,Set It Up,movie
695,Death Proof,movie
696,Ma,movie
697,The Long Goodbye,movie
698,Mirror,movie
699,Panâ??s Labyrinth,movie
700,Bram Stokerâ??s Dracula,movie
701,Sharp Objects,movie
702,Ocean Waves,movie
703,The Sea Beast,movie
704,Zootopia,movie
705,The Iron Giant,movie
706,The Nun,movie
707,Moonstruck,movie
708,Look Both Ways,movie
709,Guardians of the Galaxy Vol. 2,movie
710,Fantastic Beasts: The Crimes of Grindelwald,movie
711,Thelma & Louise,movie
712,Saw IV,movie
713,Grease,movie
714,Pretty Woman,movie
715,Fire of Love,movie
716,Lars and the Real Girl,movie
717,Raging Bull,movie
718,The School for Good and Evil,movie
719,The Two Popes,movie
720,The Haunting of Hill House,movie
721,Searching,movie
722,At Eternityâ??s Gate,movie
723,Scooby-Doo 2: Monsters Unleashed,movie
724,Shoplifters,movie
725,Amadeus,movie
726,Sonic the Hedgehog 2,movie
727,The Little Things,movie
728,Chinatown,movie
729,"Yes, God, Yes",movie
730,Youâ??ve Got Mail,movie
731,The Twilight Saga: Breaking Dawn - Part 1,movie
732,Spider-Man: Homecoming,movie
733,Cam,movie
734,The Good Nurse,movie
735,Metropolis,movie
736,The Nightmare Before Christmas,movie
737,Red Eye,movie
738,The Greatest Showman,movie
739,Love Hard,movie
740,Hidden Figures,movie
741,The Curious Case of Benjamin Button,movie
742,Addams Family Values,movie
743,Surfâ??s Up,movie
744,Mare of Easttown,movie
745,A Rainy Day in New York,movie
746,Labyrinth,movie
747,Harry Potter and the Deathly Hallows: Part 2,movie
748,Bad Times at the El Royale,movie
749,Mamma Mia! Here We Go Again,movie
750,High School Musical 3: Senior Year,movie
751,The Human Centipede,movie
752,Burn After Reading,movie
753,Chicago,movie
754,Despicable Me,movie
755,King Richard,movie
756,Unfriended,movie
757,They/Them,movie
758,Roma,movie
759,The Dark Knight Rises,movie
760,Close,movie
761,Me Before You,movie
762,Captain America: The Winter Soldier,movie
763,"The Good, the Bad and the Ugly",movie
764,They Live,movie
765,Where the Wild Things Are,movie
766,The Piano Teacher,movie
767,Dazed and Confused,movie
768,Jurassic World: Fallen Kingdom,movie
769,The Squid and the Whale,movie
770,The Prince of Egypt,movie
771,Pig,movie
772,Ms. Marvel,movie
773,Speed Racer,movie
774,Falling for Christmas,movie
775,Little Shop of Horrors,movie
776,Murder on the Orient Express,movie
777,Ammonite,movie
778,Troy,movie
779,Lady Chatterleyâ??s Lover,movie
780,The Tinder Swindler,movie
781,High School Musical,movie
782,Game Night,movie
783,Four Weddings and a Funeral,movie
784,Scarface,movie
785,Batman Returns,movie
786,The King of Comedy,movie
787,The Cabin in the Woods,movie
788,Stoker,movie
789,The Big Sick,movie
790,Godzilla vs. Kong,movie
791,Diary of a Wimpy Kid: Rodrick Rules,movie
792,Sheâ??s All That,movie
793,Mr. & Mrs. Smith,movie
794,Borat Subsequent Moviefilm,movie
795,Cars,movie
796,The Haunting of Bly Manor,movie
797,The Addams Family,movie
798,The Muppets,movie
799,My Octopus Teacher,movie
800,Rebecca,movie
801,Incantation,movie
802,How the Grinch Stole Christmas,movie
803,Last Christmas,movie
804,Predator,movie
805,The Lion King 1Â½,movie
806,Up,movie
807,"Paris, Texas",movie
808,Toy Story 2,movie
809,To All the Boys Iâ??ve Loved Before,movie
810,Widows,movie
811,Klaus,movie
812,"Extremely Wicked, Shockingly Evil and Vile",movie
813,The Hand of God,movie
814,Yi Yi,movie
815,Star Wars: Episode I - The Phantom Menace,movie
816,Sonic the Hedgehog,movie
817,The Exorcist,movie
818,Percy Jackson & the Olympians: The Lightning Thief,movie
819,Orphan,movie
820,The Matrix Revolutions,movie
821,Love,movie
822,Sing Street,movie
823,From Dusk Till Dawn,movie
824,The Woman King,movie
825,The Lodge,movie
826,Primal Fear,movie
827,D.E.B.S.,movie
828,Skyfall,movie
829,Bend It Like Beckham,movie
830,Spiral: From the Book of Saw,movie
831,Apocalypse Now,movie
832,Stop Making Sense,movie
833,The Wizard of Oz,movie
834,Friday the 13th,movie
835,Matilda,movie
836,Un Chien Andalou,movie
837,Popstar: Never Stop Never Stopping,movie
838,The Evil Dead,movie
839,ClÃ©o from 5 to  6,movie
840,Tall Girl,movie
841,The Help,movie
842,Miss Americana,movie
843,WHAT DID JACK DO?,movie
844,Ready Player One,movie
845,The Sound of Music,movie
846,The Place Beyond the Pines,movie
847,The Neon Demon,movie
848,The Square,movie
849,Iron Man,movie
850,Love & Other Drugs,movie
851,Christopher Robin,movie
852,In Time,movie
853,A Nightmare on Elm Street,movie
854,Snowpiercer,movie
855,Parallel Mothers,movie
856,The Kissing Booth,movie
857,Moneyball,movie
858,Logan,movie
859,The Hunger Games: Mockingjay - Part 2,movie
860,Antichrist,movie
861,Hush,movie
862,Benedetta,movie
863,Water Lilies,movie
864,X-Men: First Class,movie
865,My Life as a Zucchini,movie
866,The Childrenâ??s Hour,movie
867,The Babadook,movie
868,The Tree of Life,movie
869,The Young Girls of Rochefort,movie
870,Lost Highway,movie
871,Maurice,movie
872,Tokyo Godfathers,movie
873,Seven Samurai,movie
874,Charlie and the Chocolate Factory,movie
875,Missing,movie
876,Shark Tale,movie
877,10 Cloverfield Lane,movie
878,The Parent Trap,movie
879,The Revenant,movie
880,The Adventures of Sharkboy and Lavagirl,movie
881,"Argentina, 1985",movie
882,Pieces of a Woman,movie
883,Despicable Me 3,movie
884,The Bubble,movie
885,Lolita,movie
886,Insidious,movie
887,Saint Maud,movie
888,Hostel,movie
889,Hellraiser,movie
890,The Mist,movie
891,Never Rarely Sometimes Always,movie
892,Love Exposure,movie
893,Hocus Pocus 2,movie
894,Under the Silver Lake,movie
895,Training Day,movie
896,Circle,movie
897,The Princess Diaries,movie
898,Deep Water,movie
899,The Girl with the Dragon Tattoo,movie
900,Knock Knock,movie
901,The Souvenir,movie
902,Guardians of the Galaxy,movie
903,Bound,movie
904,Collateral,movie
905,EO,movie
906,Event Horizon,movie
907,The Happening,movie
908,Waves,movie
909,Space Jam,movie
910,Ad Astra,movie
911,The Notebook,movie
912,Music,movie
913,Miss Congeniality,movie
914,A Silent Voice,movie
915,North by Northwest,movie
916,Jackie Brown,movie
917,Panic Room,movie
918,Blade,movie
919,Jerry Maguire,movie
920,Happy Death Day,movie
921,Monty Python and the Holy Grail,movie
922,Blue Is the Warmest Color,movie
923,I Saw the Devil,movie
924,BlacKkKlansman,movie
925,Looking for Alaska,movie
926,Anna Karenina,movie
927,The Lost Boys,movie
928,I Know What You Did Last Summer,movie
929,The Many Saints of Newark,movie
930,Ford v Ferrari,movie
931,Five Feet Apart,movie
932,Charade,movie
933,If Anything Happens I Love You,movie
934,A Simple Favor,movie
935,Napoleon Dynamite,movie
936,Fantastic Beasts and Where to Find Them,movie
937,Cuties,movie
938,Irreversible,movie
939,Shame,movie
940,"The Chronicles of Narnia: The Lion, the Witch and the Wardrobe",movie
941,Pride and Prejudice,movie
942,The Eyes of Tammy Faye,movie
943,Creep 2,movie
944,How to Train Your Dragon: The Hidden World,movie
945,The Pale Blue Eye,movie
946,Black Mirror: Striking Vipers,movie
947,Kajillionaire,movie
948,The Conjuring,movie
949,Mission: Impossible - Ghost Protocol,movie
950,The Bye Bye Man,movie
951,Grave of the Fireflies,movie
952,To All the Boys: Always and Forever,movie
953,And Then We Danced,movie
954,The Invitation,movie
955,How to Train Your Dragon,movie
956,Petite Maman,movie
957,The Craft,movie
958,Night of the Living Dead,movie
959,Scoob!,movie
960,John Wick: Chapter 3 - Parabellum,movie
961,Kids,movie
962,The Boss Baby: Family Business,movie
963,Terminator 2: Judgment Day,movie
964,Hubie Halloween,movie
965,Fyre,movie
966,Nerve,movie
967,Rocky,movie
968,Arthur Christmas,movie
969,Into the Wild,movie
970,Spiderhead,movie
971,Barb & Star Go to Vista Del Mar,movie
972,Kill Your Darlings,movie
973,Showgirls,movie
974,The Mummy,movie
975,mid90s,movie
976,Adaptation.,movie
977,Do the Right Thing,movie
978,Casino Royale,movie
979,Scenes from a Marriage,movie
980,Black Christmas,movie
981,Logan Lucky,movie
982,The Sisterhood of the Traveling Pants,movie
983,Three Colors: Blue,movie
984,Sun and Concrete,movie
985,Thunder Road,movie
986,Vivarium,movie
987,An American Werewolf in London,movie
988,Children of Men,movie
989,Central Station,movie
990,High Fidelity,movie
991,Signs,movie
992,Creep,movie
993,Bo Burnham: Make Happy,movie
994,Stardust,movie
995,Hercules,movie
996,The Red Shoes,movie
997,Sinister,movie
998,The Polar Express,movie
999,Friends: The Reunion,movie
1000,This Is the End,movie
1001,The Worldâ??s End,movie
1002,Terrifier 2,movie
1003,A Few Good Men,movie
1004,The Apartment,movie
1005,The Call of the Wild,movie
1006,Save Ralph,movie
1007,Pink Flamingos,movie
1008,Scary Movie,movie
1009,The Old Guard,movie
1010,Toy Story 3,movie
1011,Green Room,movie
1012,Steve Jobs,movie
1013,L.A. Confidential,movie
1014,Velvet Goldmine,movie
1015,Chicken Run,movie
1016,One Day,movie
1017,Vengeance,movie
1018,Batman,movie
1019,Vice,movie
1020,Being the Ricardos,movie
1021,The Cabinet of Dr. Caligari,movie
1022,Bros,movie
1023,The Room,movie
1024,Sunset Boulevard,movie
1025,Harold and Maude,movie
1026,Cowboy Bebop,movie
1027,Incendies,movie
1028,Cry-Baby,movie
1029,Remember Me,movie
1030,Onward,movie
1031,Airplane!,movie
1032,The Last Temptation of Christ,movie
1033,One Flew Over the Cuckooâ??s Nest,movie
1034,The Last Airbender,movie
1035,The Dreamers,movie
1036,Women on the Verge of a Nervous Breakdown,movie
1037,The Hunchback of Notre Dame,movie
1038,My Best Friendâ??s Wedding,movie
1039,The Meg,movie
1040,Daisies,movie
1041,The Voyeurs,movie
1042,Pirates of the Caribbean: The Curse of the Black Pearl,movie
1043,Bacurau,movie
1044,The Skin I Live In,movie
1045,Gaslight,movie
1046,The Cat Returns,movie
1047,Bridesmaids,movie
1048,Harry Potter and the Deathly Hallows: Part 1,movie
1049,Project X,movie
1050,Volver,movie
1051,Tomboy,movie
1052,Honey Boy,movie
1053,Empire Records,movie
1054,Through My Window,movie
1055,Doctor Sleep,movie
1056,John Tucker Must Die,movie
1057,The Call,movie
1058,American Honey,movie
1059,To All the Boys: P.S. I Still Love You,movie
1060,Grown Ups,movie
1061,Free Birds,movie
1062,Koyaanisqatsi,movie
1063,Grown Ups 2,movie
1064,Host,movie
1065,Jack and Jill,movie
1066,Atomic Blonde,movie
1067,Capybara Walking,movie
1068,Iron Man 3,movie
1069,Spring Breakers,movie
1070,Raiders of the Lost Ark,movie
1071,Ant-Man and the Wasp,movie
1072,Gremlins,movie
1073,Happy Feet,movie
1074,Ant-Man,movie
1075,Practical Magic,movie
1076,Diary of a Wimpy Kid,movie
1077,The Turning,movie
1078,After We Collided,movie
1079,Stuart Little,movie
1080,Stalker,movie
1081,Short Term 12,movie
1082,Mishima: A Life in Four Chapters,movie
1083,Pride,movie
1084,Election,movie
1085,American Psycho II: All American Girl,movie
1086,As I Was Moving Ahead Occasionally I Saw Brief Glimpses of Beauty,movie
1087,Kung Fu Panda,movie
1088,Robots,movie
1089,If Beale Street Could Talk,movie
1090,A Woman Under the Influence,movie
1091,Pacific Rim,movie
1092,The 400 Blows,movie
1093,The Outsiders,movie
1094,The Host,movie
1095,Folklore: The Long Pond Studio Sessions,movie
1096,Holes,movie
1097,Castle in the Sky,movie
1098,American History X,movie
1099,The Princess Diaries 2: Royal Engagement,movie
1100,Army of Darkness,movie
1101,Shithouse,movie
1102,Ratatoing,movie
1103,Choose or Die,movie
1104,Thor,movie
1105,Eurovision Song Contest: The Story of Fire Saga,movie
1106,Kingsman: The Golden Circle,movie
1107,You Were Never Really Here,movie
1108,The Umbrellas of Cherbourg,movie
1109,A Dogâ??s Will,movie
1110,Boys State,movie
1111,Jurassic World,movie
1112,Nimic,movie
1113,Tuomas,reviewer
1114,Joao,reviewer
1115,NicoPico,reviewer
1116,Ella Kemp,reviewer
1117,CosmonautMarkie,reviewer
1118,Philbert Dy,reviewer
1119,tyler,reviewer
1120,24framesofnick,reviewer
1121,Jay,reviewer
1122,kÃ¡rsten,reviewer
1123,hollie amanda,reviewer
1124,#1 gizmo fan,reviewer
1125,ian,reviewer
1126,matt lynch,reviewer
1127,Esther Rosenfield,reviewer
1128,Spotless,reviewer
1129,demi adejuyigbe,reviewer
1130,Vahniteja,reviewer
1131,cookie,reviewer
1132,Lia Allison,reviewer
1133,Matt Singer,reviewer
1134,Patrick Willems,reviewer
1135,Ë?ËË? Liam Ë?Ë?Ë?,reviewer
1136,carter,reviewer
1137,Owen,reviewer
1138,Adam,reviewer
1139,kj,reviewer
1140,nat ð?¤ð???,reviewer
1141,andrea,reviewer
1142,aksel,reviewer
1143,Sethsreviews,reviewer
1144,mulaney,reviewer
1145,Gal Balaban,reviewer
1146,georgia,reviewer
1147,Katie Walsh,reviewer
1148,Kenneth,reviewer
1149,David Jenkins,reviewer
1150,Chris Feil,reviewer
1151,IHE,reviewer
1152,â?¦ï¸â?¢Lilyâ?¢ð???,reviewer
1153,the film drunk,reviewer
1154,huntÄ?r,reviewer
1155,David Sims,reviewer
1156,Lindsey Romain,reviewer
1157,trin,reviewer
1158,Lucy,reviewer
1159,James (Schaffrillas),reviewer
1160,mar,reviewer
1161,Riley,reviewer
1162,Liza,reviewer
1163,Emma ð???,reviewer
1164,lauren,reviewer
1165,Erik ð??¼,reviewer
1166,sree,reviewer
1167,shay,reviewer
1168,kait ð???,reviewer
1169,aaron,reviewer
1170,ConnorEatsPants,reviewer
1171,silkymovies,reviewer
1172,Bryan Espitia,reviewer
1173,sarah,reviewer
1174,maria,reviewer
1175,heresiarchs,reviewer
1176,iana,reviewer
1177,SilentDawn,reviewer
1178,davidehrlich,reviewer
1179,oleff,reviewer
1180,justine â?¨,reviewer
1181,ð??½ Zara ð??½,reviewer
1182,Wesley R. Ball,reviewer
1183,kateâ??s bush,reviewer
1184,Joey,reviewer
1185,Robin,reviewer
1186,hoover,reviewer
1187,Drew Clark,reviewer
1188,â?§*à³?à¼? maÃ«,reviewer
1189,kevinyang,reviewer
1190,ciara,reviewer
1191,sophie,reviewer
1192,Megan Bitchell,reviewer
1193,anahit,reviewer
1194,john,reviewer
1195,Joan,reviewer
1196,giada,reviewer
1197,COBRARocky,reviewer
1198,beck,reviewer
1199,Shane McAvoy,reviewer
1200,Houston Coley,reviewer
1201,Simon Ramshaw,reviewer
1202,BRÃT,reviewer
1203,belleð?¦?,reviewer
1204,Jimmy,reviewer
1205,Lauren Wilford,reviewer
1206,olges,reviewer
1207,stan,reviewer
1208,Jyn,reviewer
1209,Jacob,reviewer
1210,ð??½hayleyð??½,reviewer
1211,YI JIAN,reviewer
1212,sai,reviewer
1213,Chad Trim,reviewer
1214,irem,reviewer
1215,Ali,reviewer
1216,bri,reviewer
1217,mama jo,reviewer
1218,briannað??»,reviewer
1219,jack,reviewer
1220,Brianna,reviewer
1221,Wes,reviewer
1222,saskia <3,reviewer
1223,lisa ð??½,reviewer
1224,alba,reviewer
1225,samantha,reviewer
1226,shannon,reviewer
1227,stevie,reviewer
1228,Bowen Yang,reviewer
1229,LME,reviewer
1230,aubrey ð??,reviewer
1231,cait,reviewer
1232,Rendy Jones,reviewer
1233,cathy,reviewer
1234,kyle,reviewer
1235,k. abeto,reviewer
1236,freya.,reviewer
1237,tawnið??ªð?©¸,reviewer
1238,HÃ©ctor,reviewer
1239,hesitant movie enjoyer,reviewer
1240,Dane McDonald,reviewer
1241,crimsen æ³?,reviewer
1242,ash,reviewer
1243,Timcop,reviewer
1244,mikeythelad,reviewer
1245,ram<3,reviewer
1246,Jonathan Oppenheimer,reviewer
1247,Samster3000ð??¦,reviewer
1248,alor,reviewer
1249,jules,reviewer
1250,leeza,reviewer
1251,Mike Ryan,reviewer
1252,Sergio Robles,reviewer
1253,tobias (:,reviewer
1254,KJ,reviewer
1255,Morgan,reviewer
1256,isabel,reviewer
1257,claudia,reviewer
1258,clarerey,reviewer
1259,india,reviewer
1260,Lucy Ellman,reviewer
1261,Nicole Kubrick ð?³ï¸â?ð???ð?³ï¸â?â?§ï¸,reviewer
1262,gracie â?,reviewer
1263,GreenCharlie,reviewer
1264,ZaraGwen,reviewer
1265,Fam Squad Yeet,reviewer
1266,vangoth,reviewer
1267,Cynch,reviewer
1268,Fat_Alberta,reviewer
1269,jamsvirtual,reviewer
1270,Julien Debaker,reviewer
1271,David Chen,reviewer
1272,siobhan,reviewer
1273,Joe,reviewer
1274,molly,reviewer
1275,feat. dante from the dmc series,reviewer
1276,â?±,reviewer
1277,Joel Duscher,reviewer
1278,adambolt,reviewer
1279,madymcg,reviewer
1280,andreað??¹,reviewer
1281,Hari Nef,reviewer
1282,yazz! *ï½¥ï¾?â?§,reviewer
1283,Jitender,reviewer
1284,Logan Kenny,reviewer
1285,Oli,reviewer
1286,Ralph,reviewer
1287,coffee,reviewer
1288,issy ð?¥,reviewer
1289,Weena,reviewer
1290,jade,reviewer
1291,Sydneyð???,reviewer
1292,ScreeningNotes,reviewer
1293,josh lewis,reviewer
1294,san,reviewer
1295,La Revolver Perez,reviewer
1296,greg,reviewer
1297,Dakota Joaquin,reviewer
1298,liam f,reviewer
1299,saffron,reviewer
1300,willa,reviewer
1301,Olivia Craighead,reviewer
1302,Andy Young,reviewer
1303,rudi â?¨,reviewer
1304,indi,reviewer
1305,persia ð??,reviewer
1306,Mike Ginn,reviewer
1307,George Carmi,reviewer
1308,kai,reviewer
1309,meg,reviewer
1310,scoobert doo (aka mo),reviewer
1311,Jeff,reviewer
1312,russman,reviewer
1313,Angela,reviewer
1314,HHREVIEW,reviewer
1315,alan,reviewer
1316,Maddie,reviewer
1317,marsh boy,reviewer
1318,rachel,reviewer
1319,Jonas (AKA Jonas),reviewer
1320,Ayo Edebiri,reviewer
1321,isabelle â??,reviewer
1322,Hannah,reviewer
1323,DirkH,reviewer
1324,ð??» lindsay ð??»,reviewer
1325,ellie â?¨,reviewer
1326,CinemaJoe,reviewer
1327,CinemaClð???wn,reviewer
1328,Ethan Ethan,reviewer
1329,daniâ?¨,reviewer
1330,cinemonika,reviewer
1331,izzy,reviewer
1332,jas,reviewer
1333,Dawson,reviewer
1334,clementine,reviewer
1335,K,reviewer
1336,anna,reviewer
1337,comikman,reviewer
1338,Andrew Boley,reviewer
1339,brandon,reviewer
1340,natð?¥?,reviewer
1341,Limmy,reviewer
1342,SupremeLemon (ì§?ì¡´ë ?ëª¬),reviewer
1343,Lenny,reviewer
1344,Evan,reviewer
1345,veronica,reviewer
1346,Dorsey,reviewer
1347,andreastystad,reviewer
1348,nick,reviewer
1349,Roberto_,reviewer
1350,lily ð?¦?ð??,reviewer
1351,cherry,reviewer
1352,Kyle Amato,reviewer
1353,jaime,reviewer
1354,Joel Haver,reviewer
1355,Annabella_08,reviewer
1356,â?¨ marissa â?¨,reviewer
1357,grace,reviewer
1358,christian,reviewer
1359,jack â?¿,reviewer
1360,carly,reviewer
1361,jamesð??«,reviewer
1362,remi,reviewer
1363,Windsie,reviewer
1364,emma,reviewer
1365,kayla,reviewer
1366,Angie Han,reviewer
1367,Thomas Flight,reviewer
1368,aliyah,reviewer
1369,Muriel,reviewer
1370,fran hoepfner,reviewer
1371,alyssa,reviewer
1372,minick,reviewer
1373,Sarah,reviewer
1374,rat_trina,reviewer
1375,Frandi Peralta,reviewer
1376,Katie Mitchell,reviewer
1377,Holly-Beth,reviewer
1378,rebekah,reviewer
1379,allison,reviewer
1380,reese,reviewer
1381,Cramer K.,reviewer
1382,Justin LaLiberty,reviewer
1383,mary,reviewer
1384,abbie,reviewer
1385,josh,reviewer
1386,joshuatrank,reviewer
1387,CursedTails,reviewer
1388,claira curtis,reviewer
1389,Hungkat,reviewer
1390,emily jane,reviewer
1391,marvelscorsese,reviewer
1392,Bethany,reviewer
1393,dodi tupaki,reviewer
1394,pd18 6  ,reviewer
1395,truman,reviewer
1396,SARAHð?¦?,reviewer
1397,sofiâ?¨,reviewer
1398,Tentin Quarantino â?­,reviewer
1399,Oliver Swift,reviewer
1400,els! ð?ª© ð?¹,reviewer
1401,joereid,reviewer
1402,lara,reviewer
1403,nadine smith,reviewer
1404,ð??ð??ð??ð??ð??ð??ð??,reviewer
1405,Laura Raud,reviewer
1406,AmandaTheJedi,reviewer
1407,Chris Evangelista,reviewer
1408,maÃ¯a,reviewer
1409,Sam Van Hallgren,reviewer
1410,Barracuda,reviewer
1411,gabby!,reviewer
1412,drewphillips09,reviewer
1413,Wood,reviewer
1414,kirst,reviewer
1415,kate,reviewer
1416,humzaakbar,reviewer
1417,marcos,reviewer
1418,vivian,reviewer
1419,Cole,reviewer
1420,Vivian,reviewer
1421,william,reviewer
1422,Jack,reviewer
1423,nawal,reviewer
1424,benton tarantella,reviewer
1425,ksenija,reviewer
1426,Brendan Michaels,reviewer
1427,Ian,reviewer
1428,Jim,reviewer
1429,zuzupan,reviewer
1430,â?®ð??â?¬,reviewer
1431,Issac,reviewer
1432,Brett,reviewer
1433,ty,reviewer
1434,Jasper Kirkpatrick-Navarre,reviewer
1435,Haaniyah,reviewer
1436,Ian Fastert,reviewer
1437,Emmy,reviewer
1438,elise,reviewer
1439,georgina,reviewer
1440,kyra,reviewer
1441,â?? Sophie â??,reviewer
1442,Chris ð?¦?,reviewer
1443,Ë?.â?¶â?? ð??ð??ð??ð??ð?ª â??â?§Ë?.â?§,reviewer
1444,bensears,reviewer
1445,hannah â?? *:ï½¥ï¾?â?§,reviewer
1446,Kara,reviewer
1447,ky,reviewer
1448,megan,reviewer
1449,Paul Klein,reviewer
1450,cleoð??¶â?â??ï¸,reviewer
1451,Shawn Peer,reviewer
1452,tibby,reviewer
1453,Alex Hunter,reviewer
1454,denice,reviewer
1455,melissanderson,reviewer
1456,marcel,reviewer
1457,Michele Marinelli,reviewer
1458,Peaceful Stoner,reviewer
1459,sara,reviewer
1460,Leah,reviewer
1461,Adam Friedland,reviewer
1462,shoji,reviewer
1463,angela,reviewer
1464,wes10,reviewer
1465,Mario,reviewer
1466,katie,reviewer
1467,linds ð?¤¢ð?¤®,reviewer
1468,strida,reviewer
1469,Eli Hayes,reviewer
1470,olivia,reviewer
1471,Lisa the Beauty Queen,reviewer
1472,ð??ð?¢ð??ð?ð??ð??ð? ,reviewer
1473,deah,reviewer
1474,jewel,reviewer
1475,Brian Formo,reviewer
1476,Sally Jane Black,reviewer
1477,Marian,reviewer
1478,Tooley I Am King,reviewer
1479,Corey Pierce,reviewer
1480,chloe,reviewer
1481,RyLan,reviewer
1482,Neil Bahadur,reviewer
1483,sofyan,reviewer
1484,eels reels,reviewer
1485,Blake â?®ï¸,reviewer
1486,roby,reviewer
1487,Ridley Randolph,reviewer
1488,fede,reviewer
1489,olivia ð??·,reviewer
1490,Leo,reviewer
1491,Robert Franco,reviewer
1492,frenchfox,reviewer
1493,adam,reviewer
1494,dodi,reviewer
1495,Vanessa,reviewer
1496,Caitlin,reviewer
1497,selomeee,reviewer
1498,Reece,reviewer
1499,an idiot yeehaw,reviewer
1500,nora,reviewer
1501,hania ð?§?ð?¼â?â??ï¸,reviewer
1502,othavio,reviewer
1503,elvisthealien,reviewer
1504,Will Steele,reviewer
1505,dylan troesken,reviewer
1506,michaelpdf,reviewer
1507,cza,reviewer
1508,Laerteas,reviewer
1509,nickusen,reviewer
1510,cerys :),reviewer
1511,Ruben,reviewer
1512,hllambis,reviewer
1513,calvin,reviewer
1514,alex,reviewer
1515,jÃºlia à°?ï¸?,reviewer
1516,sam,reviewer
1517,Brett Arnold,reviewer
1518,oppie,reviewer
1519,amanda :(,reviewer
1520,bonerchomper46,reviewer
1521,ð?§?,reviewer
1522,vince,reviewer
1523,XY.909,reviewer
1524,cameron fetter,reviewer
1525,Tom Brady,reviewer
1526,le petit princeð???,reviewer
1527,Bradley J. Dixon,reviewer
1528,owen,reviewer
1529,Nathan Flynn,reviewer
1530,Sean Cordy,reviewer
1531,MarMar,reviewer
1532,charlotte thornton,reviewer
1533,Jim Cummings,reviewer
1534,Paul Thomas,reviewer
1535,Colin McLaughlin,reviewer
1536,there is no howie only zuul,reviewer
1537,Chris,reviewer
1538,flo,reviewer
1539,ð?ð??ð??,reviewer
1540,Casey Geiger,reviewer
1541,antimoik,reviewer
1542,Jake,reviewer
1543,Gnarly Marmalade,reviewer
1544,khoi9 6  ,reviewer
1545,premoh,reviewer
1546,Mari,reviewer
1547,becca,reviewer
1548,funderburker,reviewer
1549,Silent J,reviewer
1550,Justin Whang,reviewer
1551,Kairit,reviewer
1552,Iman,reviewer
1553,Miles DeBoe,reviewer
1554,travis k,reviewer
1555,r,reviewer
1556,TocadorDeDamas,reviewer
1557,kat,reviewer
1558,amaya,reviewer
1559,kurt k,reviewer
1560,Sam,reviewer
1561,nick wibert,reviewer
1562,kennedy,reviewer
1563,Sophie Holsinger,reviewer
1564,Kenned Lehmann,reviewer
1565,alice,reviewer
1566,jackie,reviewer
1567,Spencer Williams,reviewer
1568,Zach a.m.,reviewer
1569,Jenno Maes,reviewer
1570,Jack Bool,reviewer
1571,Than Tibbetts,reviewer
1572,Lorenzo,reviewer
1573,laurel ð?¦¥,reviewer
1574,adrian,reviewer
1575,ð?ª¢,reviewer
1576,Willow Maclay,reviewer
1577,espooky,reviewer
1578,el,reviewer
1579,Peter Labuza,reviewer
1580,Sam B.,reviewer
1581,lola gumball,reviewer
1582,Sean Fennessey,reviewer
1583,cal ð?¥ª,reviewer
1584,Laura,reviewer
1585,Olivia Ferrucci,reviewer
1586,eliora,reviewer
1587,Violet,reviewer
1588,Kap ð?³ï¸â?ð???,reviewer
1589,Ã¶z,reviewer
1590,emma renton,reviewer
1591,evan,reviewer
1592,Taz,reviewer
1593,lo,reviewer
1594,Gabriella Hughes,reviewer
1595,Cole Duffy,reviewer
1596,alex todd ð?§?â?â??ï¸,reviewer
1597,AdrianMoviez,reviewer
1598,annakenny,reviewer
1599,ela ð??,reviewer
1600,Dan,reviewer
1601,Nathan Zuckerman,reviewer
1602,Mike,reviewer
1603,Casey,reviewer
1604,Holli,reviewer
1605,milo_olim,reviewer
1606,yayo,reviewer
1607,Ava â?­,reviewer
1608,DANI,reviewer
1609,Eric Hatch,reviewer
1610,Rob Saucedo,reviewer
1611,Gunnar Larson,reviewer
1612,Nakul,reviewer
1613,Sophia,reviewer
1614,nolan,reviewer
1615,Maria LuÃ­sa,reviewer
1616,antonio,reviewer
1617,tamarmoshkovitz,reviewer
1618,CloserLook Media,reviewer
1619,The Extra Credits,reviewer
1620,Eli Hauser,reviewer
1621,catherine,reviewer
1622,Haunted Hippie,reviewer
1623,ivana,reviewer
1624,Emma Stefansky,reviewer
1625,Bobby Finger,reviewer
1626,christian d,reviewer
1627,KYK,reviewer
1628,marcelina,reviewer
1629,Sammie,reviewer
1630,Leticia Fernandes,reviewer
1631,Lizzy,reviewer
1632,Philip.,reviewer
1633,Ross,reviewer
1634,vicky,reviewer
1635,BeefSquash,reviewer
1636,dorothybox,reviewer
1637,Ozols,reviewer
1638,Thomas Brown,reviewer
1639,sprungbok,reviewer
1640,eva,reviewer
1641,mattia capo ð?§?,reviewer
1642,jamie!,reviewer
1643,cass,reviewer
1644,eleonora by edgar allen poe,reviewer
1645,eli,reviewer
1646,zoejudilla,reviewer
1647,Jess,reviewer
1648,Noah DiVincenzo,reviewer
1649,betty,reviewer
1650,Santiago RodrÃ­guez,reviewer
1651,Mark,reviewer
1652,Brian Tallerico,reviewer
1653,isa,reviewer
1654,aiman,reviewer
1655,margherita â¤ï¸â?ð??¥,reviewer
1656,zoey luke,reviewer
1657,nickmckenzie,reviewer
1658,georgie,reviewer
1659,Theodora,reviewer
1660,nanci,reviewer
1661,cait blanket,reviewer
1662,Viktor,reviewer
1663,Cosmo,reviewer
1664,Juan Tarrio,reviewer
1665,anna nomaly,reviewer
1666,ASYA,reviewer
1667,jarod,reviewer
1668,tamarapvz,reviewer
1669,Matt,reviewer
1670,Louis Peitzman,reviewer
1671,karleigh,reviewer
1672,Aaron White,reviewer
1673,Brian Sweeney,reviewer
1674,TRASH,reviewer
1675,ghostsarereal,reviewer
1676,dylan gelula,reviewer
1677,Charlotte,reviewer
1678,KB,reviewer
1679,savanah,reviewer
1680,Tim,reviewer
1681,timothy ð?º,reviewer
1682,ð?®ð??ð??ð??ð??ð??ð??ð??ð??ð??ð??ð?? â¤ï¸â?ð??¥,reviewer
1683,Sarahð??,reviewer
1684,violet,reviewer
1685,lydia,reviewer
1686,comrade_yui,reviewer
1687,Kait,reviewer
1688,carina,reviewer
1689,emily,reviewer
1690,arianna ð??¡,reviewer
1691,â?? miles,reviewer
1692,Dylan,reviewer
1693,hannah,reviewer
1694,xan,reviewer
1695,Siena ð???,reviewer
1696,anna ð?¦?,reviewer
1697,vanessa,reviewer
1698,Darren Carver-Balsiger,reviewer
1699,jaketho,reviewer
1700,Mohammed ð??¸,reviewer
1701,lain,reviewer
1702,Omar!,reviewer
1703,jssgoh,reviewer
1704,Andrew Swafford,reviewer
1705,chloe ð???,reviewer
1706,ziggy stardust,reviewer
1707,Vinny Simms,reviewer
1708,cassie,reviewer
1709,Isaac Feldberg,reviewer
1710,Melissa Tamminga,reviewer
1711,Jamelle Bouie,reviewer
1712,witch,reviewer
1713,Simone,reviewer
1714,jourdain searles,reviewer
1715,bel,reviewer
1716,guilherme,reviewer
1717,Sadik Khan,reviewer
1718,nic ð??¹,reviewer
1719,bchainey,reviewer
1720,fatboy 6   6  ,reviewer
1721,Robert Daniels,reviewer
1722,Den_of_geeks,reviewer
1723,kim,reviewer
1724,brittanypaty,reviewer
1725,Evan DePasquale,reviewer
1726,jgibbs12,reviewer
1727,robyn,reviewer
1728,DylanMickanen,reviewer
1729,danielleloucamp,reviewer
1730,claire ð??ï¸ diane,reviewer
1731,neelam,reviewer
1732,Soapy,reviewer
1733,mightymothra,reviewer
1734,Sara Clements,reviewer
1735,HANNAH*,reviewer
1736,troi,reviewer
1737,kuryakinn,reviewer
1738,Tasha Robinson,reviewer
1739,LUCADOR,reviewer
1740,russkiydeutsch,reviewer
1741,Sean Gilman,reviewer
1742,Smuggy,reviewer
1743,Anika,reviewer
1744,filmsmack,reviewer
1745,Aki Menzies,reviewer
1746,maggie,reviewer
1747,Anna,reviewer
1748,jeab,reviewer
1749,Penny,reviewer
1750,joshhh,reviewer
1751,amanda,reviewer
1752,Ryan Godsling,reviewer
1753,ana 2,reviewer
1754,Ben Nadeau,reviewer
1755,Mary Conti,reviewer
1756,Jim Caddick,reviewer
1757,maddie,reviewer
1758,Danny,reviewer
1759,river,reviewer
1760,Whitney,reviewer
1761,ð?¦·,reviewer
1762,Cressa Maeve Beer,reviewer
1763,ella,reviewer
1764,elle,reviewer
1765,Noel Mellor,reviewer
1766,Matthew Frederickson,reviewer
1767,gabð?¦?,reviewer
1768,Troy L,reviewer
1769,starr â??,reviewer
1770,f1eabag,reviewer
1771,bilboâ?¢,reviewer
1772,Aaron Michael,reviewer
1773,Chloe,reviewer
1774,Addison,reviewer
1775,robert,reviewer
1776,rai,reviewer
1777,David F. Sandberg,reviewer
1778,max ivanov,reviewer
1779,ivy wolk,reviewer
1780,jeffborislow,reviewer
1781,kailey,reviewer
1782,GirlsBlood,reviewer
1783,bugsyy,reviewer
1784,Jake Cole,reviewer
1785,tessa,reviewer
1786,abigail.,reviewer
1787,aibacn,reviewer
1788,tangerinedreams,reviewer
1789,reed ð??¥,reviewer
1790,Branson Reese,reviewer
1791,Taylor Williams,reviewer
1792,tyde,reviewer
1793,yanni,reviewer
1794,viking,reviewer
1795,aliciabr,reviewer
1796,ronja,reviewer
1797,bader,reviewer
1798,Tom Prideaux,reviewer
1799,Matthew Saponar,reviewer
1800,Grooveman,reviewer
1801,meera,reviewer
1802,reibureibu,reviewer
1803,hitchâ?¢,reviewer
1804,Ben Brewer,reviewer
1805,PTAbro,reviewer
1806,Rembrandt Q Pumpernickel,reviewer
1807,coralieð?¥¨,reviewer
1808,vitor,reviewer
1809,ð??ð??ð??ð??ð??ð??ð??â??*à³?à¼?,reviewer
1810,Adam Kempenaar,reviewer
1811,Minty,reviewer
1812,BananaPudding,reviewer
1813,Noahalsamman,reviewer
1814,rheeseð?«?ð?»,reviewer
1815,Stephanie,reviewer
1816,lolomcfloflo,reviewer
1817,Yuval,reviewer
1818,emilia,reviewer
1819,Andre de Nervaux,reviewer
1820,Peter Charney,reviewer
1821,Chris Cabin,reviewer
1822,Joel Myers,reviewer
1823,nabeel,reviewer
1824,regina,reviewer
1825,ð?ð??ð??ð??,reviewer
1826,bella ð??»ð??¤â?¨,reviewer
1827,EddieMara,reviewer
1828,Stephanie Chuang,reviewer
1829,mack,reviewer
1830,Edoardo Renna,reviewer
1831,The Oscar Expert,reviewer
1832,doinkdedoink,reviewer
1833,Gabriela,reviewer
1834,magaluna,reviewer
1835,Matthew Christman,reviewer
1836,mia ð?¦?,reviewer
1837,mckenna,reviewer
1838,Jamie Tram,reviewer
1839,Will Menaker,reviewer
1840,dvw,reviewer
1841,RealHumanBean4u,reviewer
1842,mathew,reviewer
1843,Mr. Cinema,reviewer
1844,hÃ¶ddi,reviewer
1845,Dr. Frankimstein,reviewer
1846,flynn,reviewer
1847,Sally Darr,reviewer
1848,Sebas,reviewer
1849,raphael camua,reviewer
1850,goncaloacosta,reviewer
1851,Matt Neglia,reviewer
1852,victoria,reviewer
1853,daniel ð??,reviewer
1854,fatima,reviewer
1855,Dom,reviewer
1856,Ema,reviewer
1857,anthony,reviewer
1858,Alex Engquist,reviewer
1859,mai,reviewer
1860,David Lewis,reviewer
1861,â?° diana â?°,reviewer
1862,Harlequin,reviewer
1863,filmscores,reviewer
1864,Jacob Hinchely,reviewer
1865,clara,reviewer
1866,noah,reviewer
1867,brendan o'hare,reviewer
1868,depressionfan93,reviewer
1869,Grace,reviewer
1870,Bethan ð???,reviewer
1871,luke,reviewer
1872,vale,reviewer
1873,Ale,reviewer
1874,Jacob Elijah Tucker,reviewer
1875,xavier,reviewer
1876,J.D. Amato,reviewer
1877,kelci ð??¸,reviewer
1878,Rida,reviewer
1879,Adrian,reviewer
1880,chelsea mackerel!,reviewer
1881,anoopmama,reviewer
725,Amadeus,reviewer
1882,Scott Anderson,reviewer
1883,renee fournier,reviewer
1884,theshrillest,reviewer
1885,Mario Alegre,reviewer
1886,Lee Curtis,reviewer
1887,flo!,reviewer
1888,jess dayð?ª©,reviewer
1889,Foggy,reviewer
1890,Jessie,reviewer
1891,Griffin Newman,reviewer
1892,BasicallyLam,reviewer
1893,Emilyð??´,reviewer
1894,Sean Baker,reviewer
1895,Keegan â??ð?»,reviewer
1896,Bill Griff,reviewer
1897,Tiff,reviewer
1898,Xander,reviewer
1899,Tommy Spence,reviewer
1900,Drew Gregory,reviewer
1901,floortSGX,reviewer
1902,Zach Shevich,reviewer
1903,cassandra,reviewer
1904,FilmApe,reviewer
1905,Alex (he/him),reviewer
1906,anya jane,reviewer
1907,adrie,reviewer
1908,Mars ð?­,reviewer
1909,isla de luca,reviewer
1910,L O U I S,reviewer
1911,Andy ð??¨ð??´,reviewer
1912,ChrisRyan 6   6  ,reviewer
1913,Sam â??ï¸,reviewer
1914,Josh,reviewer
1915,Austin Gorski,reviewer
1916,Jesus Meller,reviewer
1917,ally ð?¦?,reviewer
1918,Bernardo,reviewer
1919,karen h.,reviewer
1920,Scott Tobias,reviewer
1921,Benjamin Lee,reviewer
1922,niamh,reviewer
1923,sindhu,reviewer
1924,Ed Glendenning,reviewer
1925,Harrison Mitchell,reviewer
1926,ellie,reviewer
1927,Tristan,reviewer
1928,ashley,reviewer
1929,gabriel guimarÃ£es?,reviewer
1930,luca,reviewer
1931,AJ Ford,reviewer
1932,Harry,reviewer
1933,vic,reviewer
1934,MichaÅ?,reviewer
1935,Jack Mayer,reviewer
1936,wobbleup,reviewer
1937,changchangy,reviewer
1938,twincoves,reviewer
1939,erika,reviewer
1940,stephanie,reviewer
1941,ð?ð??ð?¢ð??ð??ð??,reviewer
295,Carrie,reviewer
1942,big titted mary jane,reviewer
1943,weo,reviewer
1944,Tommy Brennan,reviewer
1945,thedayofthedot,reviewer
1946,prash,reviewer
1947,Abbey,reviewer
1948,Travis Lytle,reviewer
1949,Solana,reviewer
1950,kay,reviewer
1951,Jaxi,reviewer
1952,Arrum,reviewer
1953,ZÄ,reviewer
1954,lucy,reviewer
1955,Downton_Tabby,reviewer
1956,Ethan,reviewer
1957,sydney,reviewer
1958,Rajat Suresh,reviewer
1959,audreyv,reviewer
1960,Cassidy,reviewer
1961,Mike H.,reviewer
1962,stephanie â?¨,reviewer
1963,Jenni,reviewer
1964,Fletcher,reviewer
1965,harley,reviewer
1966,cian,reviewer
1967,Sam Meltzer,reviewer
1968,adamhope,reviewer
1969,Sophia Ciminello,reviewer
1970,Dante Izrael,reviewer
1971,Slime,reviewer
1972,charlie chayyim,reviewer
1973,MilesofSmiles ð?º,reviewer
1974,ian curtis,reviewer
1975,Travis,reviewer
1976,heather jane kwiatkowski,reviewer
1977,Spiff11,reviewer
1978,celia,reviewer
1979,Ashton,reviewer
1980,Tiago Costa,reviewer
1981,Matheos G,reviewer
1982,megð??,reviewer
1983,Theo,reviewer
1984,mememily,reviewer
1985,Maya Young,reviewer
1986,Will Sloan,reviewer
1987,vee,reviewer
1988,Doug,reviewer
1989,tina!,reviewer
1990,vivi,reviewer
1991,anni,reviewer
1992,i_z,reviewer
1993,orfeas,reviewer
1994,ð?¦?,reviewer
1995,Vidyuth Mahesh,reviewer
1996,Tom Capper,reviewer
1997,Marcissus,reviewer
1998,chris,reviewer
1999,dionð??¹,reviewer
2000,Abbie,reviewer
2001,weak lungs,reviewer
2002,evie,reviewer
2003,Florin Scanlon,reviewer
2004,Madison ð??­,reviewer
2005,lizz,reviewer
2006,Kasey Carlson,reviewer
2007,waynewright,reviewer
2008,tangled up in purple,reviewer
2009,Abby,reviewer
2010,CountyLake,reviewer
2011,elliebean,reviewer
2012,Joel Zammit,reviewer
2013,bre,reviewer
2014,Freyr,reviewer
2015,gabe,reviewer
2016,ndc32002,reviewer
2017,jaz,reviewer
2018,tara,reviewer
2019,barbora,reviewer
2020,dania,reviewer
2021,junior,reviewer
2022,Jackson,reviewer
2023,Nahuel,reviewer
2024,fabË?à­¨à­§â??ï½¡Ë? â??,reviewer
2025,Emma Chantiri,reviewer
2026,Ben Daniels,reviewer
2027,Josh Larsen,reviewer
2028,Em Lumsden,reviewer
2029,theriverjordan,reviewer
2030,Max the Movie Guy,reviewer
2031,Josiah Morgan,reviewer
2032,atlas,reviewer
2033,Edgar Cochran,reviewer
2034,Parker,reviewer
2035,Larry,reviewer
2036,Griffin,reviewer
2037,nut ð?§?â?â??ï¸,reviewer
2038,Samuel,reviewer
2039,stephen,reviewer
2040,mads,reviewer
2041,anakinspidey,reviewer
2042,Yuva,reviewer
2043,galpalkirk,reviewer
2044,M,reviewer
2045,Charlie,reviewer
2046,Mitra Jouhari,reviewer
2047,Jasmine,reviewer
2048,Lise,reviewer
2049,Tara,reviewer
2050,Jack Attack,reviewer
2051,Ethan DeLehman,reviewer
2052,Alm,reviewer
2053,scott aa wilson,reviewer
2054,dean,reviewer
2055,ryder,reviewer
2056,cheryl,reviewer
2057,lily!,reviewer
2058,Chris dos Santos,reviewer
2059,bianca,reviewer
2060,nancy,reviewer
2061,â?¨Angelica Jade BastiÃ©nð??®,reviewer
2062,PJ,reviewer
2063,Alex Furnas,reviewer
2064,viola,reviewer
2065,em,reviewer
2066,francescaâ?½,reviewer
2067,vanz,reviewer
2068,julia,reviewer
2069,Adil12uu,reviewer
2070,tittytwister,reviewer
2071,sophð?§?,reviewer
194,Clueless,reviewer
2072,rasai ð???,reviewer
2073,Chandler Balli,reviewer
2074,flor ð?ª²,reviewer
2075,blazbad,reviewer
2076,fleabird,reviewer
2077,ryan,reviewer
2078,Tex Thripp,reviewer
2079,Collin Taylor,reviewer
2080,kirstyð???â?¨,reviewer
2081,dumbsville,reviewer
2082,â?¢Â°â?ªï¸?Jamesâ?ªï¸?Â°â?¢,reviewer
2083,Stella,reviewer
2084,callum,reviewer
2085,linny,reviewer
2086,Jose CaÃ±as,reviewer
2087,Ethan Colburn,reviewer
2088,Ben Empey,reviewer
2089,emi :),reviewer
2090,alisað?·,reviewer
2091,ro,reviewer
2092,grace spelman,reviewer
2093,mikywee,reviewer
2094,ximena,reviewer
2095,Cinemonster,reviewer
2096,Dan Molloy,reviewer
2097,phÆ°Æ¡ng,reviewer
2098,lewismitchell21,reviewer
2099,Alex Mower,reviewer
2100,Ariella,reviewer
2101,amelia,reviewer
2102,Syaoran,reviewer
2103,Aden Robertson,reviewer
2104,Tapirus_indicus,reviewer
2105,ð?ð?ð?ð­ð¡ð?ð« ð??·,reviewer
2106,adam ã??,reviewer
2107,houvre,reviewer
2108,Madeline Henderson,reviewer
2109,Connor B,reviewer
2110,Dylan Soltis,reviewer
2111,gingarð?¦?,reviewer
2112,Julius,reviewer
2113,margot,reviewer
2114,santi,reviewer
2115,Kate,reviewer
2116,detectivezinc,reviewer
2117,dani,reviewer
2118,james,reviewer
2119,shane é»?å°?,reviewer
2120,James,reviewer
2121,carey,reviewer
2122,PopcornIdeology,reviewer
2123,BeHaind,reviewer
2124,George Long,reviewer
2125,mariah,reviewer
2126,Matt Blake,reviewer
2127,tamar,reviewer
2128,ð???jobelleð???,reviewer
2129,Serena,reviewer
2130,{Todd},reviewer
2131,maya,reviewer
2132,MyNamesMitch,reviewer
2133,jonah,reviewer
2134,Luke,reviewer
2135,trav,reviewer
2136,collin,reviewer
25,Spencer,reviewer
2137,kendall roy,reviewer
2138,drugged walker,reviewer
2139,David Friend,reviewer
2140,slicedmango,reviewer
2141,rocky raccoon,reviewer
2142,val,reviewer
2143,Jons,reviewer
2144,9VOLT,reviewer
2145,Jessie Chamberlain,reviewer
2146,arryn,reviewer
2147,charlotte,reviewer
2148,Ayush Das Adhikary,reviewer
2149,JadenOberkrom,reviewer
2150,Ryley,reviewer
2151,Josh Bell,reviewer
2152,geraldho,reviewer
2153,Fisherman John,reviewer
2154,Epicz,reviewer
2155,lily?,reviewer
2156,Madelyn M.,reviewer
2157,nathaxnne [hiatus],reviewer
2158,Ella,reviewer
2159,Jamie Lauren Keiles,reviewer
2160,sohni ð?¥?,reviewer
2161,eve,reviewer
2162,carrotkara,reviewer
2163,kayley ð???,reviewer
2164,genevieve,reviewer
2165,Aidan,reviewer
2166,louie,reviewer
2167,Fraaancesca,reviewer
2168,Tessa Juliette,reviewer
2169,lynn,reviewer
2170,lucas,reviewer
2171,cecily,reviewer
2172,Marika Brownlee,reviewer
2173,Laura Saladino,reviewer
2174,LunchEnjoyer,reviewer
2175,kit ð??»,reviewer
2176,Maia,reviewer
2177,Ginevra,reviewer
2178,pinkslimer,reviewer
2179,CaviII,reviewer
2180,ben wyatt human disaster,reviewer
2181,Hentai Cop,reviewer
2182,ð??ð??ð?ð??ð??,reviewer
2183,sun,reviewer
2184,Neto Cazeca,reviewer
2185,Craig J. Clark,reviewer
2186,kat p,reviewer
2187,kendall,reviewer
2188,Rach â??ï¸ð???,reviewer
2189,Andrew Pope,reviewer
2190,yeuxcriquet,reviewer
2191,ros,reviewer
2192,valfoy,reviewer
2193,Quinten,reviewer
2194,Jonathan Sim,reviewer
2195,sayna,reviewer
2196,â?®Ø¬Ø§Ù?Ù?â?¬,reviewer
2197,Astradamus,reviewer
2198,kevintporter,reviewer
2199,Hð??ª,reviewer
2200,Julia Cudney,reviewer
2201,Skye,reviewer
2202,George Civeris,reviewer
2203,Roberta,reviewer
2204,Adam Nayman,reviewer
2205,Angela Ferraguto,reviewer
2206,HectorPortillo,reviewer
2207,jackieburkhart,reviewer
2208,thisshizisamood,reviewer
2209,lewismclaren,reviewer
2210,AlistairIRL,reviewer
2211,mia,reviewer
2212,Cartoonshi,reviewer
2213,Tess,reviewer
2214,Jordan Raup,reviewer
2215,hallie,reviewer
2216,luigi,reviewer
2217,gaby,reviewer
2218,pablo,reviewer
2219,Finn ð?¦?,reviewer
2220,Ave,reviewer
2221,Cassie,reviewer
2222,Jon Negroni,reviewer
2223,thiccthanos idk,reviewer
2224,Brody Brittain,reviewer
2225,Giorgia,reviewer
2226,Naughty aka Juli Norwood,reviewer
2227,yikes !,reviewer
2228,claire,reviewer
2229,mya,reviewer
2230,Michael Mann Facts,reviewer
2231,Will,reviewer
2232,tainah,reviewer
2233,Roman Richard,reviewer
2234,Ben McDonald,reviewer
2235,Matt Curione,reviewer
2236,Anna Johansson,reviewer
2237,sarah squirm,reviewer
2238,cara,reviewer
2239,lÃ¡uren,reviewer
2240,alec ð??µð??¸,reviewer
2241,Simon,reviewer
2242,meli,reviewer
2243,benhack,reviewer
2244,Sam Kohn,reviewer
2245,gunshotglitter,reviewer
2246,maybetamsin,reviewer
2247,Aleeex,reviewer
2248,Kurdt,reviewer
2249,Brian,reviewer
2250,tetra,reviewer
2251,Alle,reviewer
2252,Hannah Bensley,reviewer
2253,Erin,reviewer
