Unnamed: 0,vertex_id,vertex_name,type,movie_str_url
0,0,Aftersun,movie,Aftersun
1,1,Joker,movie,Joker
2,2,Puss in Boots: The Last Wish,movie,Puss+in+Boots+The+Last+Wish
3,3,The Banshees of Inisherin,movie,The+Banshees+of+Inisherin
4,4,Everything Everywhere All at Once,movie,Everything+Everywhere+All+at+Once
5,5,Parasite,movie,Parasite
6,6,Nope,movie,Nope
7,7,Thor: Love and Thunder,movie,Thor+Love+and+Thunder
8,8,The Menu,movie,The+Menu
9,9,Dune,movie,Dune
10,10,Midsommar,movie,Midsommar
11,11,Morbius,movie,Morbius
12,12,The Batman,movie,The+Batman
13,13,The Lighthouse,movie,The+Lighthouse
14,14,Little Women,movie,Little+Women
15,15,Avatar: The Way of Water,movie,Avatar+The+Way+of+Water
16,16,Don't Worry Darling,movie,Don't+Worry+Darling
17,17,Spider-Man: No Way Home,movie,Spider-Man+No+Way+Home
18,18,The Power of the Dog,movie,The+Power+of+the+Dog
19,19,Elvis,movie,Elvis
20,20,Ant-Man and the Wasp: Quantumania,movie,Ant-Man+and+the+Wasp+Quantumania
21,21,X,movie,X
22,22,Turning Red,movie,Turning+Red
23,23,Luca,movie,Luca
24,24,The Florida Project,movie,The+Florida+Project
25,25,Spencer,movie,Spencer
26,26,Doctor Strange in the Multiverse of Madness,movie,Doctor+Strange+in+the+Multiverse+of+Madness
27,27,The Northman,movie,The+Northman
28,28,American Psycho,movie,American+Psycho
29,29,Dont Worry Darling,movie,Dont+Worry+Darling
30,30,The Worst Person in the World,movie,The+Worst+Person+in+the+World
31,31,Men,movie,Men
32,32,Jojo Rabbit,movie,Jojo+Rabbit
33,33,Bodies Bodies Bodies,movie,Bodies+Bodies+Bodies
34,34,TÃÂR,movie,TçR
35,35,Shang-Chi and the Legend of the Ten Rings,movie,Shang-Chi+and+the+Legend+of+the+Ten+Rings
36,36,Barbarian,movie,Barbarian
37,37,Get Out,movie,Get+Out
38,38,Whiplash,movie,Whiplash
39,39,Fresh,movie,Fresh
40,40,Encanto,movie,Encanto
41,41,Fight Club,movie,Fight+Club
42,42,Glass Onion: A Knives Out Mystery,movie,Glass+Onion+A+Knives+Out+Mystery
43,43,Knives Out,movie,Knives+Out
44,44,Jurassic World Dominion,movie,Jurassic+World+Dominion
45,45,Dont Look Up,movie,Dont+Look+Up
46,46,Bones and All,movie,Bones+and+All
47,47,Sound of Metal,movie,Sound+of+Metal
48,48,Squid Game,movie,Squid+Game
49,49,Pride & Prejudice,movie,Pride+&+Prejudice
50,50,Not Okay,movie,Not+Okay
51,51,My Policeman,movie,My+Policeman
52,52,Babylon,movie,Babylon
53,53,My Neighbor Totoro,movie,My+Neighbor+Totoro
54,54,Top Gun: Maverick,movie,Top+Gun+Maverick
55,55,Donnie Darko,movie,Donnie+Darko
56,56,Dead Poets Society,movie,Dead+Poets+Society
57,57,Scream VI,movie,Scream+VI
58,58,Pearl,movie,Pearl
59,59,Raw,movie,Raw
60,60,The Social Network,movie,The+Social+Network
61,61,Scream,movie,Scream
62,62,The Truman Show,movie,The+Truman+Show
63,63,Portrait of a Lady on Fire,movie,Portrait+of+a+Lady+on+Fire
64,64,Last Night in Soho,movie,Last+Night+in+Soho
65,65,Blonde,movie,Blonde
66,66,Se 6  en,movie,Se7en
67,67,The Green Knight,movie,The+Green+Knight
68,68,La La Land,movie,La+La+Land
69,69,Top Gun,movie,Top+Gun
70,70,Nobody,movie,Nobody
71,71,Uncut Gems,movie,Uncut+Gems
72,72,Call Me by Your Name,movie,Call+Me+by+Your+Name
73,73,Star Wars: The Rise of Skywalker,movie,Star+Wars+The+Rise+of+Skywalker
74,74,Wonder Woman 1984,movie,Wonder+Woman+1984
75,75,"tick, tick...BOOM!",movie,tick+tick+BOOM!
76,76,Cinderella,movie,Cinderella
77,77,Bullet Train,movie,Bullet+Train
78,78,Little Miss Sunshine,movie,Little+Miss+Sunshine
79,79,Gone Girl,movie,Gone+Girl
80,80,Black Swan,movie,Black+Swan
81,81,Emma.,movie,Emma.
82,82,Minions: The Rise of Gru,movie,Minions+The+Rise+of+Gru
83,83,Juno,movie,Juno
84,84,The Suicide Squad,movie,The+Suicide+Squad
85,85,"I, Tonya",movie,I+Tonya
86,86,Brokeback Mountain,movie,Brokeback+Mountain
87,87,10 Things I Hate About You,movie,10+Things+I+Hate+About+You
88,88,West Side Story,movie,West+Side+Story
89,89,The Handmaiden,movie,The+Handmaiden
90,90,Tenet,movie,Tenet
91,91,Eternal Sunshine of the Spotless Mind,movie,Eternal+Sunshine+of+the+Spotless+Mind
92,92,The Black Phone,movie,The+Black+Phone
93,93,Hereditary,movie,Hereditary
94,94,The Grand Budapest Hotel,movie,The+Grand+Budapest+Hotel
95,95,I'm Thinking of Ending Things,movie,I'm+Thinking+of+Ending+Things
96,96,Lightyear,movie,Lightyear
97,97,Licorice Pizza,movie,Licorice+Pizza
98,98,Do Revenge,movie,Do+Revenge
99,99,Jennifers Body,movie,Jennifers+Body
100,100,Chungking Express,movie,Chungking+Express
101,101,Before Sunrise,movie,Before+Sunrise
102,102,Guillermo del Toros Pinocchio,movie,Guillermo+del+Toros+Pinocchio
103,103,The Texas Chain Saw Massacre,movie,The+Texas+Chain+Saw+Massacre
104,104,Howl's Moving Castle,movie,Howl's+Moving+Castle
105,105,M3GAN,movie,M3GAN
106,106,Triangle of Sadness,movie,Triangle+of+Sadness
107,107,But I'm a Cheerleader,movie,But+I'm+a+Cheerleader
108,108,Cocaine Bear,movie,Cocaine+Bear
109,109,The Queens Gambit,movie,The+Queens+Gambit
110,110,No Time to Die,movie,No+Time+to+Die
111,111,See How They Run,movie,See+How+They+Run
112,112,Shiva Baby,movie,Shiva+Baby
113,113,,movie,
114,114,The Fabelmans,movie,The+Fabelmans
115,115,Don't Look Up,movie,Don't+Look+Up
116,116,Zodiac,movie,Zodiac
117,117,I Care a Lot,movie,I+Care+a+Lot
118,118,Black Adam,movie,Black+Adam
119,119,Eternals,movie,Eternals
120,120,What We Do in the Shadows,movie,What+We+Do+in+the+Shadows
121,121,Titane,movie,Titane
122,122,Persuasion,movie,Persuasion
123,123,Dear Evan Hansen,movie,Dear+Evan+Hansen
124,124,The Witch,movie,The+Witch
125,125,Harry Potter and the Prisoner of Azkaban,movie,Harry+Potter+and+the+Prisoner+of+Azkaban
126,126,The Tragedy of Macbeth,movie,The+Tragedy+of+Macbeth
127,127,Inglourious Basterds,movie,Inglourious+Basterds
128,128,Before Sunset,movie,Before+Sunset
129,129,Moonlight,movie,Moonlight
130,130,The Favourite,movie,The+Favourite
131,131,The House,movie,The+House
132,132,Guillermo del Toro's Pinocchio,movie,Guillermo+del+Toro's+Pinocchio
133,133,Rear Window,movie,Rear+Window
134,134,"Girl, Interrupted",movie,Girl+Interrupted
135,135,Halloween Ends,movie,Halloween+Ends
136,136,Moon Knight,movie,Moon+Knight
137,137,Arrival,movie,Arrival
138,138,Black Widow,movie,Black+Widow
139,139,Harry Potter 20th Anniversary: Return to Hogwarts,movie,Harry+Potter+20th+Anniversary+Return+to+Hogwarts
140,140,Suspiria,movie,Suspiria
141,141,Scream 2,movie,Scream+2
142,142,Space Jam: A New Legacy,movie,Space+Jam+A+New+Legacy
143,143,The Mitchells vs. The Machines,movie,The+Mitchells+vs.+The+Machines
144,144,Prisoners,movie,Prisoners
145,145,Malcolm & Marie,movie,Malcolm+&+Marie
146,146,Interstellar,movie,Interstellar
147,147,Good Will Hunting,movie,Good+Will+Hunting
148,148,In the Mood for Love,movie,In+the+Mood+for+Love
149,149,Lady Bird,movie,Lady+Bird
150,150,Skinamarink,movie,Skinamarink
151,151,Punch-Drunk Love,movie,Punch-Drunk+Love
152,152,Scott Pilgrim vs. the World,movie,Scott+Pilgrim+vs.+the+World
153,153,Malignant,movie,Malignant
154,154,Fantastic Mr. Fox,movie,Fantastic+Mr.+Fox
155,155,Zack Snyders Justice League,movie,Zack+Snyders+Justice+League
156,156,Nightmare Alley,movie,Nightmare+Alley
157,157,Normal People,movie,Normal+People
158,158,Ready or Not,movie,Ready+or+Not
159,159,RRR,movie,RRR
160,160,Her,movie,Her
161,161,The Perks of Being a Wallflower,movie,The+Perks+of+Being+a+Wallflower
162,162,Spree,movie,Spree
163,163,Promising Young Woman,movie,Promising+Young+Woman
164,164,Spider-Man: Into the Spider-Verse,movie,Spider-Man+Into+the+Spider-Verse
165,165,Hes All That,movie,Hes+All+That
166,166,Smile,movie,Smile
167,167,Marcel the Shell with Shoes On,movie,Marcel+the+Shell+with+Shoes+On
168,168,The Rocky Horror Picture Show,movie,The+Rocky+Horror+Picture+Show
169,169,Black Panther,movie,Black+Panther
170,170,Mulholland Drive,movie,Mulholland+Drive
171,171,American Beauty,movie,American+Beauty
172,172,Spider-Man,movie,Spider-Man
173,173,The Simpsons Movie,movie,The+Simpsons+Movie
174,174,The Devil Wears Prada,movie,The+Devil+Wears+Prada
175,175,Psycho,movie,Psycho
176,176,Avatar,movie,Avatar
177,177,Mamma Mia!,movie,Mamma+Mia!
178,178,Fallen Angels,movie,Fallen+Angels
179,179,Minari,movie,Minari
180,180,Marie Antoinette,movie,Marie+Antoinette
181,181,Booksmart,movie,Booksmart
182,182,Twilight,movie,Twilight
183,183,Romeo  Juliet,movie,Romeo+Juliet
184,184,Drive My Car,movie,Drive+My+Car
185,185,The Lost Daughter,movie,The+Lost+Daughter
186,186,The Father,movie,The+Father
187,187,Shutter Island,movie,Shutter+Island
188,188,Lost in Translation,movie,Lost+in+Translation
189,189,Atonement,movie,Atonement
190,190,A Quiet Place Part II,movie,A+Quiet+Place+Part+II
191,191,The Fallout,movie,The+Fallout
192,192,Old,movie,Old
193,193,Bottoms,movie,Bottoms
194,194,Clueless,movie,Clueless
195,195,The Godfather,movie,The+Godfather
196,196,Free Guy,movie,Free+Guy
197,197,Where the Crawdads Sing,movie,Where+the+Crawdads+Sing
198,198,"Crazy, Stupid, Love.",movie,Crazy+Stupid+Love.
199,199,The Wolf of Wall Street,movie,The+Wolf+of+Wall+Street
200,200,Halloween,movie,Halloween
201,201,Memories of Murder,movie,Memories+of+Murder
202,202,The French Dispatch,movie,The+French+Dispatch
203,203,Carol,movie,Carol
204,204,In the Heights,movie,In+the+Heights
205,205,Pulp Fiction,movie,Pulp+Fiction
206,206,Fantastic Beasts: The Secrets of Dumbledore,movie,Fantastic+Beasts+The+Secrets+of+Dumbledore
207,207,Halloween Kills,movie,Halloween+Kills
208,208,Taxi Driver,movie,Taxi+Driver
209,209,The Royal Tenenbaums,movie,The+Royal+Tenenbaums
210,210,"tick, tick? BOOM!",movie,tick+tick?+BOOM!
211,211,The Edge of Seventeen,movie,The+Edge+of+Seventeen
212,212,Citizen Kane,movie,Citizen+Kane
213,213,When Harry Met Sally? ,movie,When+Harry+Met+Sally?+
214,214,Ex Machina,movie,Ex+Machina
215,215,CODA,movie,CODA
216,216,Nightcrawler,movie,Nightcrawler
217,217,Alien,movie,Alien
218,218,12 Angry Men,movie,12+Angry+Men
219,219,Knock at the Cabin,movie,Knock+at+the+Cabin
220,220,The Killing of a Sacred Deer,movie,The+Killing+of+a+Sacred+Deer
221,221,Before Midnight,movie,Before+Midnight
222,222,"Lyle, Lyle, Crocodile",movie,Lyle+Lyle+Crocodile
223,223,Loki,movie,Loki
224,224,Purple Hearts,movie,Purple+Hearts
225,225,GoodFellas,movie,GoodFellas
226,226,Us,movie,Us
227,227,WandaVision,movie,WandaVision
228,228,Bo Burnham: Inside,movie,Bo+Burnham+Inside
229,229,A Quiet Place,movie,A+Quiet+Place
230,230,Burning,movie,Burning
231,231,Pinocchio,movie,Pinocchio
232,232,You People,movie,You+People
233,233,Requiem for a Dream,movie,Requiem+for+a+Dream
234,234,Reservoir Dogs,movie,Reservoir+Dogs
235,235,The Kissing Booth 3,movie,The+Kissing+Booth+3
236,236,House of Gucci,movie,House+of+Gucci
237,237,191 6,movie,191+6
238,238,The Shape of Water,movie,The+Shape+of+Water
239,239,Notting Hill,movie,Notting+Hill
240,240,Days of Summer,movie,Days+of+Summer
241,241,Palm Springs,movie,Palm+Springs
242,242,Megamind,movie,Megamind
243,243,Tangled,movie,Tangled
244,244,The Virgin Suicides,movie,The+Virgin+Suicides
245,245,The Nice Guys,movie,The+Nice+Guys
246,246,Frances Ha,movie,Frances+Ha
247,247,Love Actually,movie,Love+Actually
248,248,Fantastic Four,movie,Fantastic+Four
249,249,WALLÃÂ·E,movie,WALL-E
250,250,Annihilation,movie,Annihilation
251,251,Soul,movie,Soul
252,252,The Matrix Resurrections,movie,The+Matrix+Resurrections
253,253,Memento,movie,Memento
254,254,Phantom Thread,movie,Phantom+Thread
255,255,Venom: Let There Be Carnage,movie,Venom+Let+There+Be+Carnage
256,256,Mean Girls,movie,Mean+Girls
257,257,About Time,movie,About+Time
258,258,365 Days,movie,365+Days
259,259,Eraserhead,movie,Eraserhead
260,260,Legally Blonde,movie,Legally+Blonde
261,261,A Star Is Born,movie,A+Star+Is+Born
262,262,Were All Going to the Worlds Fair,movie,Were+All+Going+to+the+Worlds+Fair
263,263,Hot Fuzz,movie,Hot+Fuzz
264,264,The Invisible Man,movie,The+Invisible+Man
265,265,Kill Bill: Vol. 1,movie,Kill+Bill+Vol.+1
266,266,Blade Runner,movie,Blade+Runner
267,267,No Country for Old Men,movie,No+Country+for+Old+Men
268,268,The Hunger Games,movie,The+Hunger+Games
269,269,Titanic,movie,Titanic
270,270,The Whale,movie,The+Whale
271,271,Inception,movie,Inception
272,272,Zoolander,movie,Zoolander
273,273,Mysterious Skin,movie,Mysterious+Skin
274,274,Rocketman,movie,Rocketman
275,275,Prey,movie,Prey
276,276,The Dark Knight,movie,The+Dark+Knight
277,277,The Love Witch,movie,The+Love+Witch
278,278,Cats,movie,Cats
279,279,Star Wars,movie,Star+Wars
280,280,Fall,movie,Fall
281,281,Drive,movie,Drive
282,282,The Lobster,movie,The+Lobster
283,283,Nocturnal Animals,movie,Nocturnal+Animals
284,284,Boogie Nights,movie,Boogie+Nights
285,285,The Twilight Saga: New Moon,movie,The+Twilight+Saga+New+Moon
286,286,Another Round,movie,Another+Round
287,287,Women Talking,movie,Women+Talking
288,288,The House That Jack Built,movie,The+House+That+Jack+Built
289,289,The Great Gatsby,movie,The+Great+Gatsby
290,290,Aquaman,movie,Aquaman
291,291,Fear Street: 1994,movie,Fear+Street+1994
292,292,The Thing,movie,The+Thing
293,293,Scream 3,movie,Scream+3
294,294,Possession,movie,Possession
295,295,Carrie,movie,Carrie
296,296,The Lord of the Rings: The Fellowship of the Ring,movie,The+Lord+of+the+Rings+The+Fellowship+of+the+Ring
297,297,Eighth Grade,movie,Eighth+Grade
298,298,Run,movie,Run
299,299,Howls Moving Castle,movie,Howls+Moving+Castle
300,300,White Noise,movie,White+Noise
301,301,Shrek 2,movie,Shrek+2
302,302,Clue,movie,Clue
303,303,The Gentlemen,movie,The+Gentlemen
304,304,Black Panther: Wakanda Forever,movie,Black+Panther+Wakanda+Forever
305,305,The Shining,movie,The+Shining
306,306,Good Time,movie,Good+Time
307,307,The Irishman,movie,The+Irishman
308,308,The Shawshank Redemption,movie,The+Shawshank+Redemption
309,309,Paddington,movie,Paddington
310,310,Enola Holmes,movie,Enola+Holmes
311,311,Once Upon a Time?  in Hollywood,movie,Once+Upon+a+Time?+in+Hollywood
312,312,Eyes Wide Shut,movie,Eyes+Wide+Shut
313,313,All Too Well: The Short Film,movie,All+Too+Well+The+Short+Film
314,314,Over the Garden Wall,movie,Over+the+Garden+Wall
315,315,Fear Street: 1666,movie,Fear+Street+1666
316,316,After Yang,movie,After+Yang
317,317,Enter the Void,movie,Enter+the+Void
318,318,Werewolf by Night,movie,Werewolf+by+Night
319,319,AmÃÂ©lie,movie,Amelie
320,320,Baby Driver,movie,Baby+Driver
321,321,Dunkirk,movie,Dunkirk
322,322,Under the Skin,movie,Under+the+Skin
323,323,Return of the Jedi,movie,Return+of+the+Jedi
324,324,Red Notice,movie,Red+Notice
325,325,The Fly,movie,The+Fly
326,326,Coco,movie,Coco
327,327,The Blair Witch Project,movie,The+Blair+Witch+Project
328,328,Heathers,movie,Heathers
329,329,Oceans Eleven,movie,Oceans+Eleven
330,330,Marriage Story,movie,Marriage+Story
331,331,Disenchanted,movie,Disenchanted
332,332,Enemy,movie,Enemy
333,333,Tag,movie,Tag
334,334,The Holiday,movie,The+Holiday
335,335,The Adam Project,movie,The+Adam+Project
336,336,Cruella,movie,Cruella
337,337,The Darjeeling Limited,movie,The+Darjeeling+Limited
338,338,A Ghost Story,movie,A+Ghost+Story
339,339,Texas Chainsaw Massacre,movie,Texas+Chainsaw+Massacre
340,340,The Lord of the Rings: The Return of the King,movie,The+Lord+of+the+Rings+The+Return+of+the+King
341,341,Room,movie,Room
342,342,The Devil All the Time,movie,The+Devil+All+the+Time
343,343,Kikis Delivery Service,movie,Kikis+Delivery+Service
344,344,Whisper of the Heart,movie,Whisper+of+the+Heart
345,345,The Unbearable Weight of Massive Talent,movie,The+Unbearable+Weight+of+Massive+Talent
346,346,Annette,movie,Annette
347,347,Jurassic Park,movie,Jurassic+Park
348,348,Oceans Eight,movie,Oceans+Eight
349,349,Judas and the Black Messiah,movie,Judas+and+the+Black+Messiah
350,350,Sorry to Bother You,movie,Sorry+to+Bother+You
351,351,mother!,movie,mother!
352,352,Spirited Away,movie,Spirited+Away
353,353,Nomadland,movie,Nomadland
354,354,Dogtooth,movie,Dogtooth
355,355,Blue Valentine,movie,Blue+Valentine
356,356,A Clockwork Orange,movie,A+Clockwork+Orange
357,357,Shaun the Sheep Movie,movie,Shaun+the+Sheep+Movie
358,358,2001: A Space Odyssey,movie,2001+A+Space+Odyssey
359,359,The Prestige,movie,The+Prestige
360,360,Captain Marvel,movie,Captain+Marvel
361,361,The Breakfast Club,movie,The+Breakfast+Club
362,362,Uncharted,movie,Uncharted
363,363,The Farewell,movie,The+Farewell
364,364,The Platform,movie,The+Platform
365,365,Stand by Me,movie,Stand+by+Me
366,366,Lamb,movie,Lamb
367,367,It,movie,It
368,368,Im Thinking of Ending Things,movie,Im+Thinking+of+Ending+Things
369,369,Saw,movie,Saw
370,370,Disobedience,movie,Disobedience
371,371,Velvet Buzzsaw,movie,Velvet+Buzzsaw
372,372,Ferris Buellers Day Off,movie,Ferris+Buellers+Day+Off
373,373,"Synecdoche, New York",movie,Synecdoche+New+York
374,374,When Marnie Was There,movie,When+Marnie+Was+There
375,375,The Conjuring: The Devil Made Me Do It,movie,The+Conjuring+The+Devil+Made+Me+Do+It
376,376,Mank,movie,Mank
377,377,Crash,movie,Crash
378,378,The Godfather: Part II,movie,The+Godfather+Part+II
379,379,Your Name.,movie,Your+Name.
380,380,Come and See,movie,Come+and+See
381,381,The Silence of the Lambs,movie,The+Silence+of+the+Lambs
382,382,Perfect Blue,movie,Perfect+Blue
383,383,Death on the Nile,movie,Death+on+the+Nile
384,384,Mommy,movie,Mommy
385,385,Infinity Pool,movie,Infinity+Pool
386,386,Red Rocket,movie,Red+Rocket
387,387,The Matrix,movie,The+Matrix
388,388,We Need to Talk About Kevin,movie,We+Need+to+Talk+About+Kevin
389,389,Ma Raineys Black Bottom,movie,Ma+Raineys+Black+Bottom
390,390,Ambulance,movie,Ambulance
391,391,Dog Day Afternoon,movie,Dog+Day+Afternoon
392,392,Isle of Dogs,movie,Isle+of+Dogs
393,393,Edge of Tomorrow,movie,Edge+of+Tomorrow
394,394,13 Going on 30,movie,13+Going+on+30
395,395,Submarine,movie,Submarine
396,396,Okja,movie,Okja
397,397,Euphoria: F*ck Anyone Whos Not a Sea Blob,movie,Euphoria+F*ck+Anyone+Whos+Not+a+Sea+Blob
398,398,The Empire Strikes Back,movie,The+Empire+Strikes+Back
399,399,The Twilight Saga: Eclipse,movie,The+Twilight+Saga+Eclipse
400,400,Swiss Army Man,movie,Swiss+Army+Man
401,401,A Serbian Film,movie,A+Serbian+Film
402,402,Jaws,movie,Jaws
403,403,Star Wars: Episode III Â Revenge of the Sith,movie,Star+Wars+Episode+III+Revenge+of+the+Sith
404,404,The Half of It,movie,The+Half+of+It
405,405,Back to the Future,movie,Back+to+the+Future
406,406,"SalÃÂ², or the 120 Days of Sodom",movie,Sal+or+the+120+Days+of+Sodom
407,407,Spider-Man 2,movie,Spider-Man+2
408,408,Catch Me If You Can,movie,Catch+Me+If+You+Can
409,409,Army of the Dead,movie,Army+of+the+Dead
410,410,Corpse Bride,movie,Corpse+Bride
411,411,Scooby-Doo,movie,Scooby-Doo
412,412,Persona,movie,Persona
413,413,Ghost World,movie,Ghost+World
414,414,The Prom,movie,The+Prom
415,415,Creed III,movie,Creed+III
416,416,Aliens,movie,Aliens
417,417,Casablanca,movie,Casablanca
418,418,Star Wars: Episode II Â Attack of the Clones,movie,Star+Wars+Episode+II+Attack+of+the+Clones
419,419,The Last Duel,movie,The+Last+Duel
420,420,Jackass Forever,movie,Jackass+Forever
421,421,Ratatouille,movie,Ratatouille
422,422,The Lion King,movie,The+Lion+King
423,423,High Life,movie,High+Life
424,424,Climax,movie,Climax
425,425,Thor: Ragnarok,movie,Thor+Ragnarok
426,426,There Will Be Blood,movie,There+Will+Be+Blood
427,427,Edward Scissorhands,movie,Edward+Scissorhands
428,428,Interview with the Vampire,movie,Interview+with+the+Vampire
429,429,Hustlers,movie,Hustlers
430,430,Being John Malkovich,movie,Being+John+Malkovich
431,431,The Danish Girl,movie,The+Danish+Girl
432,432,The Guilty,movie,The+Guilty
433,433,Birds of Prey,movie,Birds+of+Prey
434,434,Coraline,movie,Coraline
435,435,Evil Dead II,movie,Evil+Dead+II
436,436,Mulan,movie,Mulan
437,437,The Departed,movie,The+Departed
438,438,Obi-Wan Kenobi,movie,Obi-Wan+Kenobi
439,439,Fargo,movie,Fargo
440,440,Trainspotting,movie,Trainspotting
441,441,The Falcon and the Winter Soldier,movie,The+Falcon+and+the+Winter+Soldier
442,442,Neon Genesis Evangelion,movie,Neon+Genesis+Evangelion
443,443,Home Alone,movie,Home+Alone
444,444,The Gray Man,movie,The+Gray+Man
445,445,Mad Max: Fury Road,movie,Mad+Max+Fury+Road
446,446,The SpongeBob SquarePants Movie,movie,The+SpongeBob+SquarePants+Movie
447,447,The Wonder,movie,The+Wonder
448,448,Paddington 2,movie,Paddington+2
449,449,The Lord of the Rings: The Two Towers,movie,The+Lord+of+the+Rings+The+Two+Towers
450,450,Superbad,movie,Superbad
451,451,Harry Potter and the Chamber of Secrets,movie,Harry+Potter+and+the+Chamber+of+Secrets
452,452,But Im a Cheerleader,movie,But+Im+a+Cheerleader
453,453,The Hunger Games: Catching Fire,movie,The+Hunger+Games+Catching+Fire
454,454,Midnight in Paris,movie,Midnight+in+Paris
455,455,Hustle,movie,Hustle
456,456,Frozen,movie,Frozen
457,457,The 355,movie,The+355
458,458,The Amazing Spider-Man,movie,The+Amazing+Spider-Man
459,459,Cmon Cmon,movie,Cmon+Cmon
460,460,Bee Movie,movie,Bee+Movie
461,461,Django Unchained,movie,Django+Unchained
462,462,Manchester by the Sea,movie,Manchester+by+the+Sea
463,463,Dahmer  Monster: The Jeffrey Dahmer Story,movie,Dahmer+Monster+The+Jeffrey+Dahmer+Story
464,464,Happy Together,movie,Happy+Together
465,465,It Follows,movie,It+Follows
466,466,The Lego Batman Movie,movie,The+Lego+Batman+Movie
467,467,Die Hard,movie,Die+Hard
468,468,Buffalo 66,movie,Buffalo+66
469,469,Ghostbusters: Afterlife,movie,Ghostbusters+Afterlife
470,470,Nosferatu,movie,Nosferatu
471,471,Midnight Mass,movie,Midnight+Mass
472,472,"Love, Simon",movie,Love+Simon
473,473,Orphan: First Kill,movie,Orphan+First+Kill
474,474,Groundhog Day,movie,Groundhog+Day
475,475,Moulin Rouge!,movie,Moulin+Rouge!
476,476,My Own Private Idaho,movie,My+Own+Private+Idaho
477,477,Heat,movie,Heat
478,478,How to Lose a Guy in 10 Days,movie,How+to+Lose+a+Guy+in+10+Days
479,479,The King,movie,The+King
480,480,28 Days Later,movie,28+Days+Later
481,481,The Beatles: Get Back,movie,The+Beatles+Get+Back
482,482,Train to Busan,movie,Train+to+Busan
483,483,Shrek,movie,Shrek
484,484,Zola,movie,Zola
485,485,One Night in Miami? ,movie,One+Night+in+Miami?+
486,486,The Hunt,movie,The+Hunt
487,487,The New Mutants,movie,The+New+Mutants
488,488,Oldboy,movie,Oldboy
489,489,Y Tu MamÃÂ¡ TambiÃÂ©n,movie,Y+Tu+Mam+Tambin
490,490,The Big Short,movie,The+Big+Short
491,491,Dr. Strangelove or: How I Learned to Stop Worrying and Love the Bomb,movie,Dr.+Strangelove+or+How+I+Learned+to+Stop+Worrying+and+Love+the+Bomb
492,492,Columbus,movie,Columbus
493,493,Raya and the Last Dragon,movie,Raya+and+the+Last+Dragon
494,494,Crush,movie,Crush
495,495,Kimi,movie,Kimi
496,496,Closer,movie,Closer
497,497,John Wick,movie,John+Wick
498,498,Breakfast at Tiffanys,movie,Breakfast+at+Tiffanys
499,499,Twin Peaks,movie,Twin+Peaks
500,500,Moonrise Kingdom,movie,Moonrise+Kingdom
501,501,Jujutsu Kaisen 0,movie,Jujutsu+Kaisen+0
502,502,The Big Lebowski,movie,The+Big+Lebowski
503,503,"Tiger King: Murder, Mayhem and Madness",movie,Tiger+King+Murder+Mayhem+and+Madness
504,504,The Lost City,movie,The+Lost+City
505,505,Fear Street: 19 6  8,movie,Fear+Street+19+6+8
506,506,Bohemian Rhapsody,movie,Bohemian+Rhapsody
507,507,The Master,movie,The+Master
508,508,Battle Royale,movie,Battle+Royale
509,509,Blade Runner 2049,movie,Blade+Runner+2049
510,510,Rosemarys Baby,movie,Rosemarys+Baby
511,511,Entergalactic,movie,Entergalactic
512,512,Green Book,movie,Green+Book
513,513,Borat: Cultural Learnings of America for Make Benefit Glorious Nation of Kazakhstan,movie,Borat+Cultural+Learnings+of+America+for+Make+Benefit+Glorious+Nation+of+Kazakhstan
514,514,Hamilton,movie,Hamilton
515,515,The Pianist,movie,The+Pianist
516,516,Euphoria: Trouble Dont Last Always,movie,Euphoria+Trouble+Dont+Last+Always
517,517,The Graduate,movie,The+Graduate
518,518,Chicken Little,movie,Chicken+Little
519,519,Decision to Leave,movie,Decision+to+Leave
520,520,Big Little Lies,movie,Big+Little+Lies
521,521,Yesterday,movie,Yesterday
522,522,Inside Llewyn Davis,movie,Inside+Llewyn+Davis
523,523,Avengers: Endgame,movie,Avengers+Endgame
524,524,"Monsters, Inc.",movie,Monsters+Inc.
525,525,Star Wars: The Last Jedi,movie,Star+Wars+The+Last+Jedi
526,526,Passengers,movie,Passengers
527,527,Its a Wonderful Life,movie,Its+a+Wonderful+Life
528,528,Beetlejuice,movie,Beetlejuice
529,529,Almost Famous,movie,Almost+Famous
530,530,Kong: Skull Island,movie,Kong+Skull+Island
531,531,Easy A,movie,Easy+A
532,532,Three Thousand Years of Longing,movie,Three+Thousand+Years+of+Longing
533,533,Birdman or,movie,Birdman+or
534,534,Princess Mononoke,movie,Princess+Mononoke
535,535,The Princess Bride,movie,The+Princess+Bride
536,536,Sing 2,movie,Sing+2
537,537,Are you lost in the world like me?,movie,Are+you+lost+in+the+world+like+me?
538,538,Belfast,movie,Belfast
539,539,Weird: The Al Yankovic Story,movie,Weird+The+Al+Yankovic+Story
540,540,Singin in the Rain,movie,Singin+in+the+Rain
541,541,Porco Rosso,movie,Porco+Rosso
542,542,Venom,movie,Venom
543,543,Chip n Dale: Rescue Rangers,movie,Chip+n+Dale+Rescue+Rangers
544,544,Hocus Pocus,movie,Hocus+Pocus
545,545,First Reformed,movie,First+Reformed
546,546,Funny Games,movie,Funny+Games
547,547,Magnolia,movie,Magnolia
548,548,Mortal Kombat,movie,Mortal+Kombat
549,549,Happiest Season,movie,Happiest+Season
550,550,Ponyo,movie,Ponyo
551,551,The Kissing Booth 2,movie,The+Kissing+Booth+2
552,552,Snow White and the Seven Dwarfs,movie,Snow+White+and+the+Seven+Dwarfs
553,553,Split,movie,Split
554,554,Thoroughbreds,movie,Thoroughbreds
555,555,Moxie,movie,Moxie
556,556,Saw II,movie,Saw+II
557,557,Suicide Squad,movie,Suicide+Squad
558,558,School of Rock,movie,School+of+Rock
559,559,It Chapter Two,movie,It+Chapter+Two
560,560,Ghostbusters,movie,Ghostbusters
561,561,From Up on Poppy Hill,movie,From+Up+on+Poppy+Hill
562,562,All Quiet on the Western Front,movie,All+Quiet+on+the+Western+Front
563,563,8ÃÂ½,movie,8ÃÂ½
564,564,Paterson,movie,Paterson
565,565,The Talented Mr. Ripley,movie,The+Talented+Mr.+Ripley
566,566,Vertigo,movie,Vertigo
567,567,Cha Cha Real Smooth,movie,Cha+Cha+Real+Smooth
568,568,"Three Billboards Outside Ebbing, Missouri",movie,Three+Billboards+Outside+Ebbing+Missouri
569,569,Fear and Loathing in Las Vegas,movie,Fear+and+Loathing+in+Las+Vegas
570,570,Possessor,movie,Possessor
571,571,In Bruges,movie,In+Bruges
572,572,The Muppet Christmas Carol,movie,The+Muppet+Christmas+Carol
573,573,Jungle Cruise,movie,Jungle+Cruise
574,574,Bird Box,movie,Bird+Box
575,575,She-Hulk: Attorney at Law,movie,She-Hulk+Attorney+at+Law
576,576,Batman: Mask of the Phantasm,movie,Batman+Mask+of+the+Phantasm
577,577,LÃÂ©on: The Professional,movie,LÃÂ©on+The+Professional
578,578,Forrest Gump,movie,Forrest+Gump
579,579,Blue Velvet,movie,Blue+Velvet
580,580,A Goofy Movie,movie,A+Goofy+Movie
581,581,House,movie,House
582,582,Rope,movie,Rope
583,583,Gods Own Country,movie,Gods+Own+Country
584,584,Avengers: Infinity War,movie,Avengers+Infinity+War
585,585,Mission: Impossible - Fallout,movie,Mission+Impossible+-+Fallout
586,586,El Camino: A Breaking Bad Movie,movie,El+Camino+A+Breaking+Bad+Movie
587,587,Freaky,movie,Freaky
588,588,The Trial of the Chicago  6,movie,The+Trial+of+the+Chicago+6
589,589,Ruby Sparks,movie,Ruby+Sparks
590,590,The Woman in the Window,movie,The+Woman+in+the+Window
591,591,The Bobs Burgers Movie,movie,The+Bobs+Burgers+Movie
592,592,Crimes of the Future,movie,Crimes+of+the+Future
593,593,Scream 4,movie,Scream+4
594,594,Freaky Friday,movie,Freaky+Friday
595,595,Creed,movie,Creed
596,596,Spider-Man 3,movie,Spider-Man+3
597,597,Black Mirror: Nosedive,movie,Black+Mirror+Nosedive
598,598,Melancholia,movie,Melancholia
599,599,Harry Potter and the Philosophers Stone,movie,Harry+Potter+and+the+Philosophers+Stone
600,600,The Emoji Movie,movie,The+Emoji+Movie
601,601,Unpregnant,movie,Unpregnant
602,602,Breathless,movie,Breathless
603,603,Pitch Perfect,movie,Pitch+Perfect
604,604,The Bad Guys,movie,The+Bad+Guys
605,605,Rushmore,movie,Rushmore
606,606,8:46,movie,8+46
607,607,Thirteen,movie,Thirteen
608,608,The Strange Thing About the Johnsons,movie,The+Strange+Thing+About+the+Johnsons
609,609,Free Solo,movie,Free+Solo
610,610,Minions,movie,Minions
611,611,Memoria,movie,Memoria
612,612,Elf,movie,Elf
613,613,Home Alone 2: Lost in New York,movie,Home+Alone+2+Lost+in+New+York
614,614,The Twilight Saga: Breaking Dawn - Part 2,movie,The+Twilight+Saga+Breaking+Dawn+-+Part+2
615,615,The Bling Ring,movie,The+Bling+Ring
616,616,Inherent Vice,movie,Inherent+Vice
617,617,Cloudy with a Chance of Meatballs,movie,Cloudy+with+a+Chance+of+Meatballs
618,618,Dirty Dancing,movie,Dirty+Dancing
619,619,Boiling Point,movie,Boiling+Point
620,620,Some Like It Hot,movie,Some+Like+It+Hot
621,621,Kill Bill: Vol. 2,movie,Kill+Bill+Vol.+2
622,622,Wendell & Wild,movie,Wendell+&+Wild
623,623,Artemis Fowl,movie,Artemis+Fowl
624,624,The Game,movie,The+Game
625,625,The Guardians of the Galaxy Holiday Special,movie,The+Guardians+of+the+Galaxy+Holiday+Special
626,626,Spider-Man: Far from Home,movie,Spider-Man+Far+from+Home
627,627,Bridget Joness Diary,movie,Bridget+Joness+Diary
628,628,Ingrid Goes West,movie,Ingrid+Goes+West
629,629,Harry Potter and the Order of the Phoenix,movie,Harry+Potter+and+the+Order+of+the+Phoenix
630,630,Shazam!,movie,Shazam!
631,631,Beau Travail,movie,Beau+Travail
632,632,Full Metal Jacket,movie,Full+Metal+Jacket
633,633,Beautiful Boy,movie,Beautiful+Boy
634,634,G.I. Jane,movie,G.I.+Jane
635,635,Candyman,movie,Candyman
636,636,Enola Holmes 2,movie,Enola+Holmes+2
637,637,After Hours,movie,After+Hours
638,638,Ratatouille: The TikTok Musical,movie,Ratatouille+The+TikTok+Musical
639,639,Hawkeye,movie,Hawkeye
640,640,Shaun of the Dead,movie,Shaun+of+the+Dead
641,641,Crazy Rich Asians,movie,Crazy+Rich+Asians
642,642,Madagascar: Escape 2 Africa,movie,Madagascar+Escape+2+Africa
643,643,Enchanted,movie,Enchanted
644,644,Homecoming: A Film by BeyoncÃÂ©,movie,Homecoming+A+Film+by+Beyonc
645,645,Inland Empire,movie,Inland+Empire
646,646,The Disaster Artist,movie,The+Disaster+Artist
647,647,Barry Lyndon,movie,Barry+Lyndon
648,648,High School Musical 2,movie,High+School+Musical+2
649,649,Framing Britney Spears,movie,Framing+Britney+Spears
650,650,Lux Ã?terna,movie,Lux+Ã?terna
651,651,Toy Story,movie,Toy+Story
652,652,Amsterdam,movie,Amsterdam
653,653,Violent Night,movie,Violent+Night
654,654,Audition,movie,Audition
655,655,Paprika,movie,Paprika
656,656,Justice League,movie,Justice+League
657,657,Coherence,movie,Coherence
658,658,Fifty Shades of Grey,movie,Fifty+Shades+of+Grey
659,659,Cruel Intentions,movie,Cruel+Intentions
660,660,jeen-yuhs: A Kanye Trilogy,movie,jeen-yuhs+A+Kanye+Trilogy
661,661,Harry Potter and the Goblet of Fire,movie,Harry+Potter+and+the+Goblet+of+Fire
662,662,Kingsman: The Secret Service,movie,Kingsman+The+Secret+Service
663,663,Shes the Man,movie,Shes+the+Man
664,664,A Trip to the Moon,movie,A+Trip+to+the+Moon
665,665,The Lego Movie,movie,The+Lego+Movie
666,666,Moonfall,movie,Moonfall
667,667,Marry Me,movie,Marry+Me
668,668,Cherry,movie,Cherry
669,669,Roald Dahls Matilda the Musical,movie,Roald+Dahls+Matilda+the+Musical
670,670,F9,movie,F9
671,671,Mainstream,movie,Mainstream
672,672,Finding Nemo,movie,Finding+Nemo
673,673,20th Century Women,movie,20th+Century+Women
674,674,After,movie,After
675,675,The Proposal,movie,The+Proposal
676,676,Harry Potter and the Half-Blood Prince,movie,Harry+Potter+and+the+Half-Blood+Prince
677,677,Twin Peaks: Fire Walk with Me,movie,Twin+Peaks+Fire+Walk+with+Me
678,678,Beauty and the Beast,movie,Beauty+and+the+Beast
679,679,The Life Aquatic with Steve Zissou,movie,The+Life+Aquatic+with+Steve+Zissou
680,680,White Chicks,movie,White+Chicks
681,681,Emily the Criminal,movie,Emily+the+Criminal
682,682,"Love, Rosie",movie,Love+Rosie
683,683,Point Break,movie,Point+Break
684,684,The Ring,movie,The+Ring
685,685,The Cat in the Hat,movie,The+Cat+in+the+Hat
686,686,V for Vendetta,movie,V+for+Vendetta
687,687,Cinema Paradiso,movie,Cinema+Paradiso
688,688,Videodrome,movie,Videodrome
689,689,Sicario,movie,Sicario
690,690,La JetÃÂ©e,movie,La+JetÃÂ©e
691,691,Twin Peaks: The Return,movie,Twin+Peaks+The+Return
692,692,Senior Year,movie,Senior+Year
693,693,The Social Dilemma,movie,The+Social+Dilemma
694,694,Set It Up,movie,Set+It+Up
695,695,Death Proof,movie,Death+Proof
696,696,Ma,movie,Ma
697,697,The Long Goodbye,movie,The+Long+Goodbye
698,698,Mirror,movie,Mirror
699,699,Pans Labyrinth,movie,Pans+Labyrinth
700,700,Bram Stokers Dracula,movie,Bram+Stokers+Dracula
701,701,Sharp Objects,movie,Sharp+Objects
702,702,Ocean Waves,movie,Ocean+Waves
703,703,The Sea Beast,movie,The+Sea+Beast
704,704,Zootopia,movie,Zootopia
705,705,The Iron Giant,movie,The+Iron+Giant
706,706,The Nun,movie,The+Nun
707,707,Moonstruck,movie,Moonstruck
708,708,Look Both Ways,movie,Look+Both+Ways
709,709,Guardians of the Galaxy Vol. 2,movie,Guardians+of+the+Galaxy+Vol.+2
710,710,Fantastic Beasts: The Crimes of Grindelwald,movie,Fantastic+Beasts+The+Crimes+of+Grindelwald
711,711,Thelma & Louise,movie,Thelma+and+Louise
712,712,Saw IV,movie,Saw+IV
713,713,Grease,movie,Grease
714,714,Pretty Woman,movie,Pretty+Woman
715,715,Fire of Love,movie,Fire+of+Love
716,716,Lars and the Real Girl,movie,Lars+and+the+Real+Girl
717,717,Raging Bull,movie,Raging+Bull
718,718,The School for Good and Evil,movie,The+School+for+Good+and+Evil
719,719,The Two Popes,movie,The+Two+Popes
720,720,The Haunting of Hill House,movie,The+Haunting+of+Hill+House
721,721,Searching,movie,Searching
722,722,At Eternitys Gate,movie,At+Eternitys+Gate
723,723,Scooby-Doo 2: Monsters Unleashed,movie,Scooby-Doo+2+Monsters+Unleashed
724,724,Shoplifters,movie,Shoplifters
725,725,Amadeus,movie,Amadeus
726,726,Sonic the Hedgehog 2,movie,Sonic+the+Hedgehog+2
727,727,The Little Things,movie,The+Little+Things
728,728,Chinatown,movie,Chinatown
729,729,"Yes, God, Yes",movie,Yes+God+Yes
730,730,Youve Got Mail,movie,Youve+Got+Mail
731,731,The Twilight Saga: Breaking Dawn - Part 1,movie,The+Twilight+Saga+Breaking+Dawn+-+Part+1
732,732,Spider-Man: Homecoming,movie,Spider-Man+Homecoming
733,733,Cam,movie,Cam
734,734,The Good Nurse,movie,The+Good+Nurse
735,735,Metropolis,movie,Metropolis
736,736,The Nightmare Before Christmas,movie,The+Nightmare+Before+Christmas
737,737,Red Eye,movie,Red+Eye
738,738,The Greatest Showman,movie,The+Greatest+Showman
739,739,Love Hard,movie,Love+Hard
740,740,Hidden Figures,movie,Hidden+Figures
741,741,The Curious Case of Benjamin Button,movie,The+Curious+Case+of+Benjamin+Button
742,742,Addams Family Values,movie,Addams+Family+Values
743,743,Surfs Up,movie,Surfs+Up
744,744,Mare of Easttown,movie,Mare+of+Easttown
745,745,A Rainy Day in New York,movie,A+Rainy+Day+in+New+York
746,746,Labyrinth,movie,Labyrinth
747,747,Harry Potter and the Deathly Hallows: Part 2,movie,Harry+Potter+and+the+Deathly+Hallows+Part+2
748,748,Bad Times at the El Royale,movie,Bad+Times+at+the+El+Royale
749,749,Mamma Mia! Here We Go Again,movie,Mamma+Mia!+Here+We+Go+Again
750,750,High School Musical 3: Senior Year,movie,High+School+Musical+3+Senior+Year
751,751,The Human Centipede,movie,The+Human+Centipede
752,752,Burn After Reading,movie,Burn+After+Reading
753,753,Chicago,movie,Chicago
754,754,Despicable Me,movie,Despicable+Me
755,755,King Richard,movie,King+Richard
756,756,Unfriended,movie,Unfriended
757,757,They/Them,movie,They+Them
758,758,Roma,movie,Roma
759,759,The Dark Knight Rises,movie,The+Dark+Knight+Rises
760,760,Close,movie,Close
761,761,Me Before You,movie,Me+Before+You
762,762,Captain America: The Winter Soldier,movie,Captain+America+The+Winter+Soldier
763,763,"The Good, the Bad and the Ugly",movie,The+Good+the+Bad+and+the+Ugly
764,764,They Live,movie,They+Live
765,765,Where the Wild Things Are,movie,Where+the+Wild+Things+Are
766,766,The Piano Teacher,movie,The+Piano+Teacher
767,767,Dazed and Confused,movie,Dazed+and+Confused
768,768,Jurassic World: Fallen Kingdom,movie,Jurassic+World+Fallen+Kingdom
769,769,The Squid and the Whale,movie,The+Squid+and+the+Whale
770,770,The Prince of Egypt,movie,The+Prince+of+Egypt
771,771,Pig,movie,Pig
772,772,Ms. Marvel,movie,Ms.+Marvel
773,773,Speed Racer,movie,Speed+Racer
774,774,Falling for Christmas,movie,Falling+for+Christmas
775,775,Little Shop of Horrors,movie,Little+Shop+of+Horrors
776,776,Murder on the Orient Express,movie,Murder+on+the+Orient+Express
777,777,Ammonite,movie,Ammonite
778,778,Troy,movie,Troy
779,779,Lady Chatterleys Lover,movie,Lady+Chatterleys+Lover
780,780,The Tinder Swindler,movie,The+Tinder+Swindler
781,781,High School Musical,movie,High+School+Musical
782,782,Game Night,movie,Game+Night
783,783,Four Weddings and a Funeral,movie,Four+Weddings+and+a+Funeral
784,784,Scarface,movie,Scarface
785,785,Batman Returns,movie,Batman+Returns
786,786,The King of Comedy,movie,The+King+of+Comedy
787,787,The Cabin in the Woods,movie,The+Cabin+in+the+Woods
788,788,Stoker,movie,Stoker
789,789,The Big Sick,movie,The+Big+Sick
790,790,Godzilla vs. Kong,movie,Godzilla+vs.+Kong
791,791,Diary of a Wimpy Kid: Rodrick Rules,movie,Diary+of+a+Wimpy+Kid+Rodrick+Rules
792,792,Shes All That,movie,Shes+All+That
793,793,Mr. & Mrs. Smith,movie,Mr.+&+Mrs.+Smith
794,794,Borat Subsequent Moviefilm,movie,Borat+Subsequent+Moviefilm
795,795,Cars,movie,Cars
796,796,The Haunting of Bly Manor,movie,The+Haunting+of+Bly+Manor
797,797,The Addams Family,movie,The+Addams+Family
798,798,The Muppets,movie,The+Muppets
799,799,My Octopus Teacher,movie,My+Octopus+Teacher
800,800,Rebecca,movie,Rebecca
801,801,Incantation,movie,Incantation
802,802,How the Grinch Stole Christmas,movie,How+the+Grinch+Stole+Christmas
803,803,Last Christmas,movie,Last+Christmas
804,804,Predator,movie,Predator
805,805,The Lion King 1ÃÂ½,movie,The+Lion+King+1
806,806,Up,movie,Up
807,807,"Paris, Texas",movie,Paris+Texas
808,808,Toy Story 2,movie,Toy+Story+2
809,809,To All the Boys Ive Loved Before,movie,To+All+the+Boys+Ive+Loved+Before
810,810,Widows,movie,Widows
811,811,Klaus,movie,Klaus
812,812,"Extremely Wicked, Shockingly Evil and Vile",movie,Extremely+Wicked+Shockingly+Evil+and+Vile
813,813,The Hand of God,movie,The+Hand+of+God
814,814,Yi Yi,movie,Yi+Yi
815,815,Star Wars: Episode I - The Phantom Menace,movie,Star+Wars+Episode+I+-+The+Phantom+Menace
816,816,Sonic the Hedgehog,movie,Sonic+the+Hedgehog
817,817,The Exorcist,movie,The+Exorcist
818,818,Percy Jackson & the Olympians: The Lightning Thief,movie,Percy+Jackson+&+the+Olympians+The+Lightning+Thief
819,819,Orphan,movie,Orphan
820,820,The Matrix Revolutions,movie,The+Matrix+Revolutions
821,821,Love,movie,Love
822,822,Sing Street,movie,Sing+Street
823,823,From Dusk Till Dawn,movie,From+Dusk+Till+Dawn
824,824,The Woman King,movie,The+Woman+King
825,825,The Lodge,movie,The+Lodge
826,826,Primal Fear,movie,Primal+Fear
827,827,D.E.B.S.,movie,D.E.B.S.
828,828,Skyfall,movie,Skyfall
829,829,Bend It Like Beckham,movie,Bend+It+Like+Beckham
830,830,Spiral: From the Book of Saw,movie,Spiral+From+the+Book+of+Saw
831,831,Apocalypse Now,movie,Apocalypse+Now
832,832,Stop Making Sense,movie,Stop+Making+Sense
833,833,The Wizard of Oz,movie,The+Wizard+of+Oz
834,834,Friday the 13th,movie,Friday+the+13th
835,835,Matilda,movie,Matilda
836,836,Un Chien Andalou,movie,Un+Chien+Andalou
837,837,Popstar: Never Stop Never Stopping,movie,Popstar+Never+Stop+Never+Stopping
838,838,The Evil Dead,movie,The+Evil+Dead
839,839,ClÃÂ©o from 5 to  6,movie,Cleo+from+5+to+6
840,840,Tall Girl,movie,Tall+Girl
841,841,The Help,movie,The+Help
842,842,Miss Americana,movie,Miss+Americana
843,843,WHAT DID JACK DO?,movie,WHAT+DID+JACK+DO?
844,844,Ready Player One,movie,Ready+Player+One
845,845,The Sound of Music,movie,The+Sound+of+Music
846,846,The Place Beyond the Pines,movie,The+Place+Beyond+the+Pines
847,847,The Neon Demon,movie,The+Neon+Demon
848,848,The Square,movie,The+Square
849,849,Iron Man,movie,Iron+Man
850,850,Love & Other Drugs,movie,Love+&+Other+Drugs
851,851,Christopher Robin,movie,Christopher+Robin
852,852,In Time,movie,In+Time
853,853,A Nightmare on Elm Street,movie,A+Nightmare+on+Elm+Street
854,854,Snowpiercer,movie,Snowpiercer
855,855,Parallel Mothers,movie,Parallel+Mothers
856,856,The Kissing Booth,movie,The+Kissing+Booth
857,857,Moneyball,movie,Moneyball
858,858,Logan,movie,Logan
859,859,The Hunger Games: Mockingjay - Part 2,movie,The+Hunger+Games+Mockingjay+-+Part+2
860,860,Antichrist,movie,Antichrist
861,861,Hush,movie,Hush
862,862,Benedetta,movie,Benedetta
863,863,Water Lilies,movie,Water+Lilies
864,864,X-Men: First Class,movie,X-Men+First+Class
865,865,My Life as a Zucchini,movie,My+Life+as+a+Zucchini
866,866,The Childrens Hour,movie,The+Childrens+Hour
867,867,The Babadook,movie,The+Babadook
868,868,The Tree of Life,movie,The+Tree+of+Life
869,869,The Young Girls of Rochefort,movie,The+Young+Girls+of+Rochefort
870,870,Lost Highway,movie,Lost+Highway
871,871,Maurice,movie,Maurice
872,872,Tokyo Godfathers,movie,Tokyo+Godfathers
873,873,Seven Samurai,movie,Seven+Samurai
874,874,Charlie and the Chocolate Factory,movie,Charlie+and+the+Chocolate+Factory
875,875,Missing,movie,Missing
876,876,Shark Tale,movie,Shark+Tale
877,877,10 Cloverfield Lane,movie,10+Cloverfield+Lane
878,878,The Parent Trap,movie,The+Parent+Trap
879,879,The Revenant,movie,The+Revenant
880,880,The Adventures of Sharkboy and Lavagirl,movie,The+Adventures+of+Sharkboy+and+Lavagirl
881,881,"Argentina, 1985",movie,Argentina+1985
882,882,Pieces of a Woman,movie,Pieces+of+a+Woman
883,883,Despicable Me 3,movie,Despicable+Me+3
884,884,The Bubble,movie,The+Bubble
885,885,Lolita,movie,Lolita
886,886,Insidious,movie,Insidious
887,887,Saint Maud,movie,Saint+Maud
888,888,Hostel,movie,Hostel
889,889,Hellraiser,movie,Hellraiser
890,890,The Mist,movie,The+Mist
891,891,Never Rarely Sometimes Always,movie,Never+Rarely+Sometimes+Always
892,892,Love Exposure,movie,Love+Exposure
893,893,Hocus Pocus 2,movie,Hocus+Pocus+2
894,894,Under the Silver Lake,movie,Under+the+Silver+Lake
895,895,Training Day,movie,Training+Day
896,896,Circle,movie,Circle
897,897,The Princess Diaries,movie,The+Princess+Diaries
898,898,Deep Water,movie,Deep+Water
899,899,The Girl with the Dragon Tattoo,movie,The+Girl+with+the+Dragon+Tattoo
900,900,Knock Knock,movie,Knock+Knock
901,901,The Souvenir,movie,The+Souvenir
902,902,Guardians of the Galaxy,movie,Guardians+of+the+Galaxy
903,903,Bound,movie,Bound
904,904,Collateral,movie,Collateral
905,905,EO,movie,EO
906,906,Event Horizon,movie,Event+Horizon
907,907,The Happening,movie,The+Happening
908,908,Waves,movie,Waves
909,909,Space Jam,movie,Space+Jam
910,910,Ad Astra,movie,Ad+Astra
911,911,The Notebook,movie,The+Notebook
912,912,Music,movie,Music
913,913,Miss Congeniality,movie,Miss+Congeniality
914,914,A Silent Voice,movie,A+Silent+Voice
915,915,North by Northwest,movie,North+by+Northwest
916,916,Jackie Brown,movie,Jackie+Brown
917,917,Panic Room,movie,Panic+Room
918,918,Blade,movie,Blade
919,919,Jerry Maguire,movie,Jerry+Maguire
920,920,Happy Death Day,movie,Happy+Death+Day
921,921,Monty Python and the Holy Grail,movie,Monty+Python+and+the+Holy+Grail
922,922,Blue Is the Warmest Color,movie,Blue+Is+the+Warmest+Color
923,923,I Saw the Devil,movie,I+Saw+the+Devil
924,924,BlacKkKlansman,movie,BlacKkKlansman
925,925,Looking for Alaska,movie,Looking+for+Alaska
926,926,Anna Karenina,movie,Anna+Karenina
927,927,The Lost Boys,movie,The+Lost+Boys
928,928,I Know What You Did Last Summer,movie,I+Know+What+You+Did+Last+Summer
929,929,The Many Saints of Newark,movie,The+Many+Saints+of+Newark
930,930,Ford v Ferrari,movie,Ford+v+Ferrari
931,931,Five Feet Apart,movie,Five+Feet+Apart
932,932,Charade,movie,Charade
933,933,If Anything Happens I Love You,movie,If+Anything+Happens+I+Love+You
934,934,A Simple Favor,movie,A+Simple+Favor
935,935,Napoleon Dynamite,movie,Napoleon+Dynamite
936,936,Fantastic Beasts and Where to Find Them,movie,Fantastic+Beasts+and+Where+to+Find+Them
937,937,Cuties,movie,Cuties
938,938,Irreversible,movie,Irreversible
939,939,Shame,movie,Shame
940,940,"The Chronicles of Narnia: The Lion, the Witch and the Wardrobe",movie,The+Chronicles+of+Narnia+The+Lion+the+Witch+and+the+Wardrobe
941,941,Pride and Prejudice,movie,Pride+and+Prejudice
942,942,The Eyes of Tammy Faye,movie,The+Eyes+of+Tammy+Faye
943,943,Creep 2,movie,Creep+2
944,944,How to Train Your Dragon: The Hidden World,movie,How+to+Train+Your+Dragon+The+Hidden+World
945,945,The Pale Blue Eye,movie,The+Pale+Blue+Eye
946,946,Black Mirror: Striking Vipers,movie,Black+Mirror+Striking+Vipers
947,947,Kajillionaire,movie,Kajillionaire
948,948,The Conjuring,movie,The+Conjuring
949,949,Mission: Impossible - Ghost Protocol,movie,Mission+Impossible+-+Ghost+Protocol
950,950,The Bye Bye Man,movie,The+Bye+Bye+Man
951,951,Grave of the Fireflies,movie,Grave+of+the+Fireflies
952,952,To All the Boys: Always and Forever,movie,To+All+the+Boys+Always+and+Forever
953,953,And Then We Danced,movie,And+Then+We+Danced
954,954,The Invitation,movie,The+Invitation
955,955,How to Train Your Dragon,movie,How+to+Train+Your+Dragon
956,956,Petite Maman,movie,Petite+Maman
957,957,The Craft,movie,The+Craft
958,958,Night of the Living Dead,movie,Night+of+the+Living+Dead
959,959,Scoob!,movie,Scoob!
960,960,John Wick: Chapter 3 - Parabellum,movie,John+Wick+Chapter+3+-+Parabellum
961,961,Kids,movie,Kids
962,962,The Boss Baby: Family Business,movie,The+Boss+Baby+Family+Business
963,963,Terminator 2: Judgment Day,movie,Terminator+2+Judgment+Day
964,964,Hubie Halloween,movie,Hubie+Halloween
965,965,Fyre,movie,Fyre
966,966,Nerve,movie,Nerve
967,967,Rocky,movie,Rocky
968,968,Arthur Christmas,movie,Arthur+Christmas
969,969,Into the Wild,movie,Into+the+Wild
970,970,Spiderhead,movie,Spiderhead
971,971,Barb & Star Go to Vista Del Mar,movie,Barb+&+Star+Go+to+Vista+Del+Mar
972,972,Kill Your Darlings,movie,Kill+Your+Darlings
973,973,Showgirls,movie,Showgirls
974,974,The Mummy,movie,The+Mummy
975,975,mid90s,movie,mid90s
976,976,Adaptation.,movie,Adaptation.
977,977,Do the Right Thing,movie,Do+the+Right+Thing
978,978,Casino Royale,movie,Casino+Royale
979,979,Scenes from a Marriage,movie,Scenes+from+a+Marriage
980,980,Black Christmas,movie,Black+Christmas
981,981,Logan Lucky,movie,Logan+Lucky
982,982,The Sisterhood of the Traveling Pants,movie,The+Sisterhood+of+the+Traveling+Pants
983,983,Three Colors: Blue,movie,Three+Colors+Blue
984,984,Sun and Concrete,movie,Sun+and+Concrete
985,985,Thunder Road,movie,Thunder+Road
986,986,Vivarium,movie,Vivarium
987,987,An American Werewolf in London,movie,An+American+Werewolf+in+London
988,988,Children of Men,movie,Children+of+Men
989,989,Central Station,movie,Central+Station
990,990,High Fidelity,movie,High+Fidelity
991,991,Signs,movie,Signs
992,992,Creep,movie,Creep
993,993,Bo Burnham: Make Happy,movie,Bo+Burnham+Make+Happy
994,994,Stardust,movie,Stardust
995,995,Hercules,movie,Hercules
996,996,The Red Shoes,movie,The+Red+Shoes
997,997,Sinister,movie,Sinister
998,998,The Polar Express,movie,The+Polar+Express
999,999,Friends: The Reunion,movie,Friends+The+Reunion
1000,1000,This Is the End,movie,This+Is+the+End
1001,1001,The Worlds End,movie,The+Worlds+End
1002,1002,Terrifier 2,movie,Terrifier+2
1003,1003,A Few Good Men,movie,A+Few+Good+Men
1004,1004,The Apartment,movie,The+Apartment
1005,1005,The Call of the Wild,movie,The+Call+of+the+Wild
1006,1006,Save Ralph,movie,Save+Ralph
1007,1007,Pink Flamingos,movie,Pink+Flamingos
1008,1008,Scary Movie,movie,Scary+Movie
1009,1009,The Old Guard,movie,The+Old+Guard
1010,1010,Toy Story 3,movie,Toy+Story+3
1011,1011,Green Room,movie,Green+Room
1012,1012,Steve Jobs,movie,Steve+Jobs
1013,1013,L.A. Confidential,movie,L.A.+Confidential
1014,1014,Velvet Goldmine,movie,Velvet+Goldmine
1015,1015,Chicken Run,movie,Chicken+Run
1016,1016,One Day,movie,One+Day
1017,1017,Vengeance,movie,Vengeance
1018,1018,Batman,movie,Batman
1019,1019,Vice,movie,Vice
1020,1020,Being the Ricardos,movie,Being+the+Ricardos
1021,1021,The Cabinet of Dr. Caligari,movie,The+Cabinet+of+Dr.+Caligari
1022,1022,Bros,movie,Bros
1023,1023,The Room,movie,The+Room
1024,1024,Sunset Boulevard,movie,Sunset+Boulevard
1025,1025,Harold and Maude,movie,Harold+and+Maude
1026,1026,Cowboy Bebop,movie,Cowboy+Bebop
1027,1027,Incendies,movie,Incendies
1028,1028,Cry-Baby,movie,Cry-Baby
1029,1029,Remember Me,movie,Remember+Me
1030,1030,Onward,movie,Onward
1031,1031,Airplane!,movie,Airplane!
1032,1032,The Last Temptation of Christ,movie,The+Last+Temptation+of+Christ
1033,1033,One Flew Over the Cuckoos Nest,movie,One+Flew+Over+the+Cuckoos+Nest
1034,1034,The Last Airbender,movie,The+Last+Airbender
1035,1035,The Dreamers,movie,The+Dreamers
1036,1036,Women on the Verge of a Nervous Breakdown,movie,Women+on+the+Verge+of+a+Nervous+Breakdown
1037,1037,The Hunchback of Notre Dame,movie,The+Hunchback+of+Notre+Dame
1038,1038,My Best Friends Wedding,movie,My+Best+Friends+Wedding
1039,1039,The Meg,movie,The+Meg
1040,1040,Daisies,movie,Daisies
1041,1041,The Voyeurs,movie,The+Voyeurs
1042,1042,Pirates of the Caribbean: The Curse of the Black Pearl,movie,Pirates+of+the+Caribbean+The+Curse+of+the+Black+Pearl
1043,1043,Bacurau,movie,Bacurau
1044,1044,The Skin I Live In,movie,The+Skin+I+Live+In
1045,1045,Gaslight,movie,Gaslight
1046,1046,The Cat Returns,movie,The+Cat+Returns
1047,1047,Bridesmaids,movie,Bridesmaids
1048,1048,Harry Potter and the Deathly Hallows: Part 1,movie,Harry+Potter+and+the+Deathly+Hallows+Part+1
1049,1049,Project X,movie,Project+X
1050,1050,Volver,movie,Volver
1051,1051,Tomboy,movie,Tomboy
1052,1052,Honey Boy,movie,Honey+Boy
1053,1053,Empire Records,movie,Empire+Records
1054,1054,Through My Window,movie,Through+My+Window
1055,1055,Doctor Sleep,movie,Doctor+Sleep
1056,1056,John Tucker Must Die,movie,John+Tucker+Must+Die
1057,1057,The Call,movie,The+Call
1058,1058,American Honey,movie,American+Honey
1059,1059,To All the Boys: P.S. I Still Love You,movie,To+All+the+Boys+P.S.+I+Still+Love+You
1060,1060,Grown Ups,movie,Grown+Ups
1061,1061,Free Birds,movie,Free+Birds
1062,1062,Koyaanisqatsi,movie,Koyaanisqatsi
1063,1063,Grown Ups 2,movie,Grown+Ups+2
1064,1064,Host,movie,Host
1065,1065,Jack and Jill,movie,Jack+and+Jill
1066,1066,Atomic Blonde,movie,Atomic+Blonde
1067,1067,Capybara Walking,movie,Capybara+Walking
1068,1068,Iron Man 3,movie,Iron+Man+3
1069,1069,Spring Breakers,movie,Spring+Breakers
1070,1070,Raiders of the Lost Ark,movie,Raiders+of+the+Lost+Ark
1071,1071,Ant-Man and the Wasp,movie,Ant-Man+and+the+Wasp
1072,1072,Gremlins,movie,Gremlins
1073,1073,Happy Feet,movie,Happy+Feet
1074,1074,Ant-Man,movie,Ant-Man
1075,1075,Practical Magic,movie,Practical+Magic
1076,1076,Diary of a Wimpy Kid,movie,Diary+of+a+Wimpy+Kid
1077,1077,The Turning,movie,The+Turning
1078,1078,After We Collided,movie,After+We+Collided
1079,1079,Stuart Little,movie,Stuart+Little
1080,1080,Stalker,movie,Stalker
1081,1081,Short Term 12,movie,Short+Term+12
1082,1082,Mishima: A Life in Four Chapters,movie,Mishima+A+Life+in+Four+Chapters
1083,1083,Pride,movie,Pride
1084,1084,Election,movie,Election
1085,1085,American Psycho II: All American Girl,movie,American+Psycho+II+All+American+Girl
1086,1086,As I Was Moving Ahead Occasionally I Saw Brief Glimpses of Beauty,movie,As+I+Was+Moving+Ahead+Occasionally+I+Saw+Brief+Glimpses+of+Beauty
1087,1087,Kung Fu Panda,movie,Kung+Fu+Panda
1088,1088,Robots,movie,Robots
1089,1089,If Beale Street Could Talk,movie,If+Beale+Street+Could+Talk
1090,1090,A Woman Under the Influence,movie,A+Woman+Under+the+Influence
1091,1091,Pacific Rim,movie,Pacific+Rim
1092,1092,The 400 Blows,movie,The+400+Blows
1093,1093,The Outsiders,movie,The+Outsiders
1094,1094,The Host,movie,The+Host
1095,1095,Folklore: The Long Pond Studio Sessions,movie,Folklore+The+Long+Pond+Studio+Sessions
1096,1096,Holes,movie,Holes
1097,1097,Castle in the Sky,movie,Castle+in+the+Sky
1098,1098,American History X,movie,American+History+X
1099,1099,The Princess Diaries 2: Royal Engagement,movie,The+Princess+Diaries+2+Royal+Engagement
1100,1100,Army of Darkness,movie,Army+of+Darkness
1101,1101,Shithouse,movie,Shithouse
1102,1102,Ratatoing,movie,Ratatoing
1103,1103,Choose or Die,movie,Choose+or+Die
1104,1104,Thor,movie,Thor
1105,1105,Eurovision Song Contest: The Story of Fire Saga,movie,Eurovision+Song+Contest+The+Story+of+Fire+Saga
1106,1106,Kingsman: The Golden Circle,movie,Kingsman+The+Golden+Circle
1107,1107,You Were Never Really Here,movie,You+Were+Never+Really+Here
1108,1108,The Umbrellas of Cherbourg,movie,The+Umbrellas+of+Cherbourg
1109,1109,A Dogs Will,movie,A+Dogs+Will
1110,1110,Boys State,movie,Boys+State
1111,1111,Jurassic World,movie,Jurassic+World
1112,1112,Nimic,movie,Nimic
